anon_polygon_id,kind,severity,start,end,observations,min_zscore,confidence,interpretation,evidence_json
AOI-0005,NEGATIVE_DEVIATION,CRITICAL,2010-04-07,2010-05-19,43,-3.66789299028869,HIGH,устойчивое снижение зелёной биомассы относительно сезонной нормы,"{""ndvi_min_z"": -3.66789299028869, ""water_z"": 2.9053738339219337, ""precip_z"": -0.22046451157438757, ""temp_z"": -0.030974262356358636, ""observed_points"": 7}"
AOI-0005,NEGATIVE_DEVIATION,CRITICAL,2010-05-24,2010-08-10,79,-3.780500770089168,HIGH,устойчивое снижение зелёной биомассы относительно сезонной нормы,"{""ndvi_min_z"": -3.780500770089168, ""water_z"": 3.2808689398610316, ""precip_z"": -0.20435983499556687, ""temp_z"": 0.6903302275944958, ""observed_points"": 9}"
AOI-0005,NEGATIVE_DEVIATION,CRITICAL,2010-08-13,2010-09-16,35,-2.311055932777448,HIGH,устойчивое снижение зелёной биомассы относительно сезонной нормы,"{""ndvi_min_z"": -2.311055932777448, ""water_z"": 2.458839092156373, ""precip_z"": -0.04803688705248658, ""temp_z"": 0.0989228758731428, ""observed_points"": 4}"
AOI-0005,NEGATIVE_DEVIATION,STRESSED,2011-04-19,2011-04-27,9,-1.721900694098421,MEDIUM,устойчивое снижение зелёной биомассы относительно сезонной нормы,"{""ndvi_min_z"": -1.721900694098421, ""water_z"": 1.1629109288508916, ""precip_z"": -0.7947829985618551, ""temp_z"": -1.1226059146377165, ""observed_points"": 3}"
AOI-0005,NEGATIVE_DEVIATION,STRESSED,2011-07-31,2011-08-09,10,-1.4334909498096668,MEDIUM,устойчивое снижение зелёной биомассы относительно сезонной нормы,"{""ndvi_min_z"": -1.4334909498096668, ""water_z"": 1.3268285287000627, ""precip_z"": -0.2138940304509743, ""temp_z"": -0.5700818047983494, ""observed_points"": 3}"
AOI-0005,NEGATIVE_DEVIATION,CRITICAL,2012-07-11,2012-08-10,31,-3.607899567367569,HIGH,устойчивое снижение зелёной биомассы относительно сезонной нормы,"{""ndvi_min_z"": -3.607899567367569, ""water_z"": 2.1935683599892006, ""precip_z"": -0.15643809938650405, ""temp_z"": 0.4633050425573684, ""observed_points"": 3}"
AOI-0005,NEGATIVE_DEVIATION,CRITICAL,2012-08-12,2012-09-15,35,-3.5921137686529176,HIGH,устойчивое снижение зелёной биомассы относительно сезонной нормы,"{""ndvi_min_z"": -3.5921137686529176, ""water_z"": 2.6479293744010874, ""precip_z"": 0.8438266173646307, ""temp_z"": -0.8126891304327755, ""observed_points"": 3}"
AOI-0005,NEGATIVE_DEVIATION,CRITICAL,2012-09-19,2012-10-13,25,-2.570581953593024,HIGH,устойчивое снижение зелёной биомассы относительно сезонной нормы,"{""ndvi_min_z"": -2.570581953593024, ""water_z"": 1.3292779882379175, ""precip_z"": 0.03920025738654115, ""temp_z"": 0.7693943693867424, ""observed_points"": 3}"
AOI-0005,NEGATIVE_DEVIATION,CRITICAL,2013-05-26,2013-08-08,75,-2.802593845429494,HIGH,устойчивое снижение зелёной биомассы относительно сезонной нормы,"{""ndvi_min_z"": -2.802593845429494, ""water_z"": 1.5548012570952936, ""precip_z"": 0.08466676073550247, ""temp_z"": -0.14044796772896007, ""observed_points"": 6}"
AOI-0005,NEGATIVE_DEVIATION,STRESSED,2014-10-08,2014-10-16,9,-1.5794402896600426,LOW,устойчивое снижение зелёной биомассы относительно сезонной нормы,"{""ndvi_min_z"": -1.5794402896600426, ""water_z"": 0.02849111326761463, ""precip_z"": -0.24396837502841417, ""temp_z"": 0.22382868977953815, ""observed_points"": 2}"
AOI-0005,NEGATIVE_DEVIATION,CRITICAL,2015-04-01,2015-04-07,7,-6.442105973926013,MEDIUM,устойчивое снижение зелёной биомассы относительно сезонной нормы,"{""ndvi_min_z"": -6.442105973926013, ""water_z"": 22.61855240137612, ""precip_z"": 3.4318384150682446, ""temp_z"": -0.6982260055827362, ""observed_points"": 2}"
AOI-0005,NEGATIVE_DEVIATION,CRITICAL,2017-04-25,2017-05-18,24,-2.50594533562587,HIGH,устойчивое снижение зелёной биомассы относительно сезонной нормы,"{""ndvi_min_z"": -2.50594533562587, ""water_z"": 1.2844570063755225, ""precip_z"": 1.1751356426656274, ""temp_z"": -0.04089494763742656, ""observed_points"": 4}"
AOI-0005,NEGATIVE_DEVIATION,STRESSED,2018-05-22,2018-07-01,41,-1.9297837874347623,MEDIUM,устойчивое снижение зелёной биомассы относительно сезонной нормы,"{""ndvi_min_z"": -1.9297837874347623, ""water_z"": 0.3700300436376871, ""precip_z"": -0.2683875015819438, ""temp_z"": 0.40605168084223914, ""observed_points"": 8}"
AOI-0005,NEGATIVE_DEVIATION,STRESSED,2020-04-14,2020-05-06,23,-1.7430407411707658,MEDIUM,устойчивое снижение зелёной биомассы относительно сезонной нормы,"{""ndvi_min_z"": -1.7430407411707658, ""water_z"": 1.1849693030179467, ""precip_z"": -0.26603614284740124, ""temp_z"": -0.38410207872555474, ""observed_points"": 5}"
AOI-0005,NEGATIVE_DEVIATION,CRITICAL,2020-05-10,2020-05-20,11,-2.1370168069419764,HIGH,устойчивое снижение зелёной биомассы относительно сезонной нормы,"{""ndvi_min_z"": -2.1370168069419764, ""water_z"": 0.5463907686627407, ""precip_z"": -0.3255981829221513, ""temp_z"": -0.6959673027043034, ""observed_points"": 3}"
AOI-0005,NEGATIVE_DEVIATION,CRITICAL,2020-10-17,2020-10-26,10,-2.0783000128387754,MEDIUM,устойчивое снижение зелёной биомассы относительно сезонной нормы,"{""ndvi_min_z"": -2.0783000128387754, ""water_z"": 0.9074377243050379, ""precip_z"": 0.6275431001291983, ""temp_z"": 1.209902937357821, ""observed_points"": 2}"
AOI-0005,NEGATIVE_DEVIATION,CRITICAL,2024-05-09,2024-05-22,14,-4.774798231413622,MEDIUM,устойчивое снижение зелёной биомассы относительно сезонной нормы,"{""ndvi_min_z"": -4.774798231413622, ""water_z"": 2.580405895334726, ""precip_z"": -0.6502975918829946, ""temp_z"": -1.0716275120915835, ""observed_points"": 2}"
AOI-0006,NEGATIVE_DEVIATION,CRITICAL,2010-08-29,2010-09-06,3,-2.1214703030652338,HIGH,устойчивое снижение зелёной биомассы относительно сезонной нормы,"{""ndvi_min_z"": -2.1214703030652338, ""water_z"": 1.1554781521725523, ""observed_points"": 3}"
AOI-0006,NEGATIVE_DEVIATION,CRITICAL,2011-04-26,2011-06-06,7,-2.555676504580738,HIGH,устойчивое снижение зелёной биомассы относительно сезонной нормы,"{""ndvi_min_z"": -2.555676504580738, ""water_z"": 1.9697536566359668, ""observed_points"": 6}"
AOI-0006,NEGATIVE_DEVIATION,STRESSED,2012-09-13,2012-09-27,2,-1.3333502682776772,LOW,устойчивое снижение зелёной биомассы относительно сезонной нормы,"{""ndvi_min_z"": -1.3333502682776772, ""water_z"": 0.5746144128277314, ""observed_points"": 2}"
AOI-0006,NEGATIVE_DEVIATION,CRITICAL,2013-05-01,2013-05-09,3,-2.722267870557059,HIGH,устойчивое снижение зелёной биомассы относительно сезонной нормы,"{""ndvi_min_z"": -2.722267870557059, ""water_z"": 1.1709310995772164, ""observed_points"": 3}"
AOI-0006,NEGATIVE_DEVIATION,CRITICAL,2014-06-10,2014-06-21,3,-4.444375105121021,MEDIUM,устойчивое снижение зелёной биомассы относительно сезонной нормы,"{""ndvi_min_z"": -4.444375105121021, ""water_z"": 0.6311368349153025, ""observed_points"": 2}"
AOI-0006,NEGATIVE_DEVIATION,STRESSED,2014-09-17,2014-09-30,2,-1.2982148896497383,LOW,устойчивое снижение зелёной биомассы относительно сезонной нормы,"{""ndvi_min_z"": -1.2982148896497383, ""water_z"": 1.1941298077173315, ""observed_points"": 2}"
AOI-0006,NEGATIVE_DEVIATION,CRITICAL,2017-04-23,2017-06-05,11,-2.150568571181134,HIGH,устойчивое снижение зелёной биомассы относительно сезонной нормы,"{""ndvi_min_z"": -2.150568571181134, ""water_z"": 1.430193575413163, ""observed_points"": 9}"
AOI-0006,NEGATIVE_DEVIATION,CRITICAL,2018-04-29,2018-06-08,10,-2.5463749663770416,HIGH,устойчивое снижение зелёной биомассы относительно сезонной нормы,"{""ndvi_min_z"": -2.5463749663770416, ""water_z"": 1.5981358460792283, ""observed_points"": 9}"
AOI-0006,NEGATIVE_DEVIATION,STRESSED,2019-06-15,2019-06-25,4,-1.9484900410875563,MEDIUM,устойчивое снижение зелёной биомассы относительно сезонной нормы,"{""ndvi_min_z"": -1.9484900410875563, ""water_z"": 1.0712369888236886, ""observed_points"": 4}"
AOI-0006,NEGATIVE_DEVIATION,STRESSED,2019-06-27,2019-07-06,4,-1.180398875557306,MEDIUM,устойчивое снижение зелёной биомассы относительно сезонной нормы,"{""ndvi_min_z"": -1.180398875557306, ""water_z"": 0.44350630118763235, ""observed_points"": 3}"
AOI-0006,NEGATIVE_DEVIATION,STRESSED,2019-08-29,2019-09-13,5,-1.7900665417578274,MEDIUM,устойчивое снижение зелёной биомассы относительно сезонной нормы,"{""ndvi_min_z"": -1.7900665417578274, ""water_z"": 0.8436672849774757, ""observed_points"": 4}"
AOI-0006,NEGATIVE_DEVIATION,STRESSED,2019-09-15,2019-09-28,3,-1.9925163760474438,MEDIUM,устойчивое снижение зелёной биомассы относительно сезонной нормы,"{""ndvi_min_z"": -1.9925163760474438, ""water_z"": 1.9169299636412795, ""observed_points"": 3}"
AOI-0006,NEGATIVE_DEVIATION,STRESSED,2020-04-19,2020-05-20,10,-1.815513777349653,MEDIUM,устойчивое снижение зелёной биомассы относительно сезонной нормы,"{""ndvi_min_z"": -1.815513777349653, ""water_z"": 1.314731893219887, ""observed_points"": 8}"
AOI-0006,NEGATIVE_DEVIATION,STRESSED,2021-07-14,2021-07-24,4,-1.319736775226018,MEDIUM,устойчивое снижение зелёной биомассы относительно сезонной нормы,"{""ndvi_min_z"": -1.319736775226018, ""water_z"": 0.8963771169308475, ""observed_points"": 4}"
AOI-0006,NEGATIVE_DEVIATION,CRITICAL,2021-08-23,2021-09-02,4,-2.5274442982438248,HIGH,устойчивое снижение зелёной биомассы относительно сезонной нормы,"{""ndvi_min_z"": -2.5274442982438248, ""water_z"": 3.4287587602299565, ""observed_points"": 3}"
AOI-0006,NEGATIVE_DEVIATION,STRESSED,2021-09-07,2021-09-27,5,-1.2311392761254811,MEDIUM,устойчивое снижение зелёной биомассы относительно сезонной нормы,"{""ndvi_min_z"": -1.2311392761254811, ""water_z"": 0.6584142953802141, ""observed_points"": 5}"
AOI-0006,NEGATIVE_DEVIATION,STRESSED,2022-09-02,2022-09-17,4,-1.1245613369833865,MEDIUM,устойчивое снижение зелёной биомассы относительно сезонной нормы,"{""ndvi_min_z"": -1.1245613369833865, ""water_z"": 0.8491699399163319, ""observed_points"": 3}"
AOI-0006,NEGATIVE_DEVIATION,CRITICAL,2023-04-27,2023-06-10,11,-2.035199342045474,HIGH,устойчивое снижение зелёной биомассы относительно сезонной нормы,"{""ndvi_min_z"": -2.035199342045474, ""water_z"": 1.2424786105984666, ""observed_points"": 8}"
AOI-0006,NEGATIVE_DEVIATION,STRESSED,2024-06-18,2024-06-23,2,-1.8009254791277334,LOW,устойчивое снижение зелёной биомассы относительно сезонной нормы,"{""ndvi_min_z"": -1.8009254791277334, ""water_z"": 1.9750980969037588, ""observed_points"": 2}"
AOI-0006,NEGATIVE_DEVIATION,STRESSED,2024-09-06,2024-09-11,2,-1.1566894012113533,LOW,устойчивое снижение зелёной биомассы относительно сезонной нормы,"{""ndvi_min_z"": -1.1566894012113533, ""water_z"": 0.7952366507343658, ""observed_points"": 2}"
AOI-0009,NEGATIVE_DEVIATION,CRITICAL,2010-06-07,2010-06-23,17,-2.0863628583355593,MEDIUM,устойчивое снижение зелёной биомассы относительно сезонной нормы,"{""ndvi_min_z"": -2.0863628583355593, ""water_z"": 2.3646755921266718, ""precip_z"": -0.33507430662318477, ""temp_z"": 0.41040469713858097, ""observed_points"": 2}"
AOI-0009,NEGATIVE_DEVIATION,CRITICAL,2011-04-14,2011-06-04,52,-2.988202479860938,HIGH,устойчивое снижение зелёной биомассы относительно сезонной нормы,"{""ndvi_min_z"": -2.988202479860938, ""water_z"": 2.298038662056173, ""precip_z"": 0.11522262771701935, ""temp_z"": -0.3235913726817452, ""observed_points"": 4}"
AOI-0009,NEGATIVE_DEVIATION,CRITICAL,2013-04-12,2013-06-08,58,-2.725567920053493,HIGH,устойчивое снижение зелёной биомассы относительно сезонной нормы,"{""ndvi_min_z"": -2.725567920053493, ""water_z"": 1.9020967505279573, ""precip_z"": -0.390581839558237, ""temp_z"": 0.7476084284695832, ""observed_points"": 7}"
AOI-0009,NEGATIVE_DEVIATION,STRESSED,2017-08-14,2017-08-23,10,-1.8355011505152756,LOW,устойчивое снижение зелёной биомассы относительно сезонной нормы,"{""ndvi_min_z"": -1.8355011505152756, ""water_z"": 1.3453799768631705, ""precip_z"": -0.2842014346899884, ""temp_z"": 0.7160746923791126, ""observed_points"": 2}"
AOI-0009,NEGATIVE_DEVIATION,STRESSED,2017-09-03,2017-09-13,11,-1.776259858252104,LOW,устойчивое снижение зелёной биомассы относительно сезонной нормы,"{""ndvi_min_z"": -1.776259858252104, ""water_z"": 1.2253171058506913, ""precip_z"": 3.7199284995991246, ""temp_z"": 0.22235475043711922, ""observed_points"": 2}"
AOI-0009,NEGATIVE_DEVIATION,STRESSED,2017-09-15,2017-09-21,7,-1.8609734935766575,MEDIUM,"сигналы совместимы с жарким/сухим периодом; это гипотеза, а не диагноз","{""ndvi_min_z"": -1.8609734935766575, ""water_z"": 0.4121913484729627, ""precip_z"": -0.8101112898307969, ""temp_z"": 2.271042518163246, ""observed_points"": 2}"
AOI-0009,NEGATIVE_DEVIATION,CRITICAL,2018-06-08,2018-06-24,17,-2.2076983631190363,HIGH,устойчивое снижение зелёной биомассы относительно сезонной нормы,"{""ndvi_min_z"": -2.2076983631190363, ""water_z"": 1.485356951405318, ""precip_z"": -0.3932144639984182, ""temp_z"": 0.43018817801235065, ""observed_points"": 4}"
AOI-0009,NEGATIVE_DEVIATION,STRESSED,2018-09-05,2018-09-13,9,-1.7399445282277644,LOW,устойчивое снижение зелёной биомассы относительно сезонной нормы,"{""ndvi_min_z"": -1.7399445282277644, ""water_z"": 0.6933540194256796, ""precip_z"": -0.02947200758066387, ""temp_z"": 0.6994169237278732, ""observed_points"": 2}"
AOI-0009,NEGATIVE_DEVIATION,CRITICAL,2019-04-17,2019-05-08,22,-2.3266272947618942,HIGH,устойчивое снижение зелёной биомассы относительно сезонной нормы,"{""ndvi_min_z"": -2.3266272947618942, ""water_z"": 1.6585137414430444, ""precip_z"": 0.43271104203615235, ""temp_z"": -0.09179981445794974, ""observed_points"": 6}"
AOI-0009,NEGATIVE_DEVIATION,CRITICAL,2019-05-10,2019-05-22,13,-2.1544418165308223,HIGH,устойчивое снижение зелёной биомассы относительно сезонной нормы,"{""ndvi_min_z"": -2.1544418165308223, ""water_z"": 1.7471159569166768, ""precip_z"": -0.006640489897529801, ""temp_z"": 0.5182109399381827, ""observed_points"": 5}"
AOI-0009,NEGATIVE_DEVIATION,CRITICAL,2019-06-16,2019-06-25,10,-2.0352005442514245,HIGH,устойчивое снижение зелёной биомассы относительно сезонной нормы,"{""ndvi_min_z"": -2.0352005442514245, ""water_z"": 2.473445990964443, ""precip_z"": -0.7867466716901759, ""temp_z"": 1.7146487517288893, ""observed_points"": 4}"
AOI-0009,NEGATIVE_DEVIATION,STRESSED,2019-08-22,2019-08-27,6,-1.3538925202401597,LOW,устойчивое снижение зелёной биомассы относительно сезонной нормы,"{""ndvi_min_z"": -1.3538925202401597, ""water_z"": 2.1359944482400848, ""precip_z"": -0.022069262239243558, ""temp_z"": 1.6133649894056172, ""observed_points"": 2}"
AOI-0009,NEGATIVE_DEVIATION,STRESSED,2019-09-03,2019-09-13,11,-1.5161102131532471,MEDIUM,устойчивое снижение зелёной биомассы относительно сезонной нормы,"{""ndvi_min_z"": -1.5161102131532471, ""water_z"": 0.9161792621769461, ""precip_z"": -0.48356741331009623, ""temp_z"": 0.20749948524796238, ""observed_points"": 5}"
AOI-0009,NEGATIVE_DEVIATION,STRESSED,2019-09-17,2019-09-23,7,-1.8049116071611515,LOW,устойчивое снижение зелёной биомассы относительно сезонной нормы,"{""ndvi_min_z"": -1.8049116071611515, ""water_z"": 1.0612876326185994, ""precip_z"": 1.1358515697030371, ""temp_z"": -1.3814924275560998, ""observed_points"": 2}"
AOI-0009,NEGATIVE_DEVIATION,STRESSED,2020-06-16,2020-06-24,9,-1.3058596537540421,LOW,устойчивое снижение зелёной биомассы относительно сезонной нормы,"{""ndvi_min_z"": -1.3058596537540421, ""water_z"": 1.2787281584913905, ""precip_z"": 0.015777042154626383, ""temp_z"": 0.3806835752636831, ""observed_points"": 2}"
AOI-0009,NEGATIVE_DEVIATION,STRESSED,2020-08-07,2020-08-16,10,-1.7314337228637158,MEDIUM,устойчивое снижение зелёной биомассы относительно сезонной нормы,"{""ndvi_min_z"": -1.7314337228637158, ""water_z"": 1.2864417379124313, ""precip_z"": -0.06588038334553209, ""temp_z"": -0.7177339637905968, ""observed_points"": 3}"
AOI-0009,NEGATIVE_DEVIATION,CRITICAL,2020-08-18,2020-08-25,8,-2.542917989818942,HIGH,устойчивое снижение зелёной биомассы относительно сезонной нормы,"{""ndvi_min_z"": -2.542917989818942, ""water_z"": 1.991651538408309, ""precip_z"": -0.15461776528026874, ""temp_z"": -0.12997012986819872, ""observed_points"": 4}"
AOI-0009,NEGATIVE_DEVIATION,CRITICAL,2020-08-30,2020-09-12,14,-2.4463231380987014,HIGH,устойчивое снижение зелёной биомассы относительно сезонной нормы,"{""ndvi_min_z"": -2.4463231380987014, ""water_z"": 0.8418692125188613, ""precip_z"": -0.247283695718982, ""temp_z"": 0.9200088277866906, ""observed_points"": 6}"
AOI-0009,NEGATIVE_DEVIATION,CRITICAL,2020-09-24,2020-09-30,7,-2.2052415641304504,HIGH,устойчивое снижение зелёной биомассы относительно сезонной нормы,"{""ndvi_min_z"": -2.2052415641304504, ""water_z"": 1.117404671274996, ""precip_z"": -0.28842153427747713, ""temp_z"": 0.7786890616921223, ""observed_points"": 3}"
AOI-0009,NEGATIVE_DEVIATION,CRITICAL,2020-10-09,2020-10-14,6,-2.3072327745761236,MEDIUM,устойчивое снижение зелёной биомассы относительно сезонной нормы,"{""ndvi_min_z"": -2.3072327745761236, ""water_z"": 0.8187140480488203, ""precip_z"": -0.4453409564438462, ""temp_z"": 1.5020847552922882, ""observed_points"": 2}"
AOI-0009,NEGATIVE_DEVIATION,CRITICAL,2022-08-11,2022-08-18,8,-2.4619801090516766,MEDIUM,устойчивое снижение зелёной биомассы относительно сезонной нормы,"{""ndvi_min_z"": -2.4619801090516766, ""water_z"": 0.8960510442509675, ""precip_z"": 0.06951996864539012, ""temp_z"": 0.8893907898323183, ""observed_points"": 2}"
AOI-0009,NEGATIVE_DEVIATION,STRESSED,2022-09-01,2022-09-07,7,-1.4371450327093958,MEDIUM,устойчивое снижение зелёной биомассы относительно сезонной нормы,"{""ndvi_min_z"": -1.4371450327093958, ""water_z"": 1.8577697565474094, ""precip_z"": -0.1705444085537383, ""temp_z"": -0.6109907431955454, ""observed_points"": 4}"
AOI-0009,NEGATIVE_DEVIATION,CRITICAL,2022-09-09,2022-09-21,13,-2.9208431053841934,HIGH,устойчивое снижение зелёной биомассы относительно сезонной нормы,"{""ndvi_min_z"": -2.9208431053841934, ""water_z"": 1.5728546629623836, ""precip_z"": 1.3342692246315835, ""temp_z"": 0.034816235485272594, ""observed_points"": 3}"
AOI-0009,NEGATIVE_DEVIATION,CRITICAL,2022-10-10,2022-10-17,8,-3.1443003020712523,HIGH,устойчивое снижение зелёной биомассы относительно сезонной нормы,"{""ndvi_min_z"": -3.1443003020712523, ""water_z"": 2.2671178418645446, ""precip_z"": 0.1522674706957428, ""temp_z"": -0.5802560391656997, ""observed_points"": 3}"
AOI-0009,NEGATIVE_DEVIATION,CRITICAL,2024-04-01,2024-06-08,69,-4.285470225572696,HIGH,устойчивое снижение зелёной биомассы относительно сезонной нормы,"{""ndvi_min_z"": -4.285470225572696, ""water_z"": 1.8121372769468056, ""precip_z"": -0.4050015525387685, ""temp_z"": 0.9228635715238154, ""observed_points"": 16}"
AOI-0012,NEGATIVE_DEVIATION,STRESSED,2011-04-07,2011-04-23,3,-1.6689567341228428,MEDIUM,устойчивое снижение зелёной биомассы относительно сезонной нормы,"{""ndvi_min_z"": -1.6689567341228428, ""water_z"": 1.2619846180300927, ""observed_points"": 3}"
AOI-0012,NEGATIVE_DEVIATION,CRITICAL,2012-04-06,2012-05-24,6,-2.706448117198366,HIGH,устойчивое снижение зелёной биомассы относительно сезонной нормы,"{""ndvi_min_z"": -2.706448117198366, ""water_z"": 2.1647783173212254, ""observed_points"": 5}"
AOI-0012,NEGATIVE_DEVIATION,CRITICAL,2015-04-06,2015-06-09,10,-3.099689591290101,HIGH,устойчивое снижение зелёной биомассы относительно сезонной нормы,"{""ndvi_min_z"": -3.099689591290101, ""water_z"": 2.210319232698084, ""observed_points"": 8}"
AOI-0012,NEGATIVE_DEVIATION,STRESSED,2017-08-01,2017-08-11,5,-1.6200131704659388,MEDIUM,устойчивое снижение зелёной биомассы относительно сезонной нормы,"{""ndvi_min_z"": -1.6200131704659388, ""water_z"": -0.004931753747710582, ""observed_points"": 3}"
AOI-0012,NEGATIVE_DEVIATION,STRESSED,2018-06-26,2018-07-02,2,-1.8346276566092654,LOW,устойчивое снижение зелёной биомассы относительно сезонной нормы,"{""ndvi_min_z"": -1.8346276566092654, ""water_z"": 0.32959303740526863, ""observed_points"": 2}"
AOI-0012,NEGATIVE_DEVIATION,CRITICAL,2019-06-20,2019-06-25,3,-2.327125001999327,HIGH,устойчивое снижение зелёной биомассы относительно сезонной нормы,"{""ndvi_min_z"": -2.327125001999327, ""water_z"": 1.311264049203689, ""observed_points"": 3}"
AOI-0012,NEGATIVE_DEVIATION,CRITICAL,2019-06-27,2019-07-05,4,-2.7420536829559765,HIGH,устойчивое снижение зелёной биомассы относительно сезонной нормы,"{""ndvi_min_z"": -2.7420536829559765, ""water_z"": 1.1316822948385803, ""observed_points"": 3}"
AOI-0012,NEGATIVE_DEVIATION,STRESSED,2020-06-26,2020-07-04,4,-1.8042960769406764,MEDIUM,устойчивое снижение зелёной биомассы относительно сезонной нормы,"{""ndvi_min_z"": -1.8042960769406764, ""water_z"": 0.8243813391996088, ""observed_points"": 3}"
AOI-0012,NEGATIVE_DEVIATION,CRITICAL,2020-07-09,2020-07-14,3,-2.381343353651545,HIGH,устойчивое снижение зелёной биомассы относительно сезонной нормы,"{""ndvi_min_z"": -2.381343353651545, ""water_z"": 1.5058552640476468, ""observed_points"": 3}"
AOI-0012,NEGATIVE_DEVIATION,STRESSED,2020-07-29,2020-08-05,4,-1.6554985736550576,LOW,устойчивое снижение зелёной биомассы относительно сезонной нормы,"{""ndvi_min_z"": -1.6554985736550576, ""water_z"": 1.2314617593282982, ""observed_points"": 2}"
AOI-0012,NEGATIVE_DEVIATION,STRESSED,2020-09-07,2020-09-14,6,-1.4964846864184154,MEDIUM,устойчивое снижение зелёной биомассы относительно сезонной нормы,"{""ndvi_min_z"": -1.4964846864184154, ""water_z"": 1.2681513863136151, ""observed_points"": 4}"
AOI-0012,NEGATIVE_DEVIATION,STRESSED,2020-09-26,2020-10-17,8,-1.9494793722736201,MEDIUM,устойчивое снижение зелёной биомассы относительно сезонной нормы,"{""ndvi_min_z"": -1.9494793722736201, ""water_z"": 1.5933055009368036, ""observed_points"": 6}"
AOI-0012,NEGATIVE_DEVIATION,CRITICAL,2021-04-02,2021-06-09,17,-3.6187833488154464,HIGH,устойчивое снижение зелёной биомассы относительно сезонной нормы,"{""ndvi_min_z"": -3.6187833488154464, ""water_z"": 2.110135352606685, ""observed_points"": 14}"
AOI-0012,NEGATIVE_DEVIATION,CRITICAL,2021-06-11,2021-06-26,5,-2.024983880012895,HIGH,устойчивое снижение зелёной биомассы относительно сезонной нормы,"{""ndvi_min_z"": -2.024983880012895, ""water_z"": 1.957240601508878, ""observed_points"": 4}"
AOI-0012,NEGATIVE_DEVIATION,CRITICAL,2021-07-29,2021-08-08,5,-2.540735810456395,HIGH,устойчивое снижение зелёной биомассы относительно сезонной нормы,"{""ndvi_min_z"": -2.540735810456395, ""water_z"": 2.5261484854055607, ""observed_points"": 5}"
AOI-0012,NEGATIVE_DEVIATION,STRESSED,2022-07-06,2022-07-14,4,-1.5556683247910574,MEDIUM,устойчивое снижение зелёной биомассы относительно сезонной нормы,"{""ndvi_min_z"": -1.5556683247910574, ""water_z"": 0.5896898092590177, ""observed_points"": 4}"
AOI-0012,NEGATIVE_DEVIATION,CRITICAL,2023-09-27,2023-10-04,5,-3.2879335653444843,HIGH,устойчивое снижение зелёной биомассы относительно сезонной нормы,"{""ndvi_min_z"": -3.2879335653444843, ""water_z"": 1.16285414877313, ""observed_points"": 5}"
AOI-0012,NEGATIVE_DEVIATION,CRITICAL,2024-06-23,2024-07-10,8,-3.9469454327213294,HIGH,устойчивое снижение зелёной биомассы относительно сезонной нормы,"{""ndvi_min_z"": -3.9469454327213294, ""water_z"": 1.06355601418731, ""observed_points"": 6}"
AOI-0012,NEGATIVE_DEVIATION,STRESSED,2024-07-13,2024-07-18,3,-1.6482911082273113,MEDIUM,устойчивое снижение зелёной биомассы относительно сезонной нормы,"{""ndvi_min_z"": -1.6482911082273113, ""water_z"": 1.5784783952847912, ""observed_points"": 3}"
AOI-0012,NEGATIVE_DEVIATION,CRITICAL,2024-07-20,2024-08-14,6,-4.605349840574285,HIGH,устойчивое снижение зелёной биомассы относительно сезонной нормы,"{""ndvi_min_z"": -4.605349840574285, ""water_z"": 0.4736379826342114, ""observed_points"": 5}"
AOI-0012,NEGATIVE_DEVIATION,CRITICAL,2024-09-26,2024-10-01,4,-2.1195120800877363,HIGH,устойчивое снижение зелёной биомассы относительно сезонной нормы,"{""ndvi_min_z"": -2.1195120800877363, ""water_z"": 0.11262675641216986, ""observed_points"": 4}"
AOI-0016,NEGATIVE_DEVIATION,STRESSED,2017-04-26,2017-05-06,6,-1.7828088604440258,MEDIUM,устойчивое снижение зелёной биомассы относительно сезонной нормы,"{""ndvi_min_z"": -1.7828088604440258, ""water_z"": 1.1190115257479927, ""observed_points"": 6}"
AOI-0016,NEGATIVE_DEVIATION,STRESSED,2017-05-12,2017-05-21,2,-1.6971542382465301,LOW,устойчивое снижение зелёной биомассы относительно сезонной нормы,"{""ndvi_min_z"": -1.6971542382465301, ""water_z"": 1.2503160658452663, ""observed_points"": 2}"
AOI-0016,NEGATIVE_DEVIATION,STRESSED,2018-04-11,2018-04-21,3,-1.5254143253211843,LOW,устойчивое снижение зелёной биомассы относительно сезонной нормы,"{""ndvi_min_z"": -1.5254143253211843, ""water_z"": 0.848566031928143, ""observed_points"": 2}"
AOI-0016,NEGATIVE_DEVIATION,CRITICAL,2018-04-29,2018-06-20,16,-2.362555318805888,HIGH,устойчивое снижение зелёной биомассы относительно сезонной нормы,"{""ndvi_min_z"": -2.362555318805888, ""water_z"": 1.3136367140610439, ""observed_points"": 14}"
AOI-0016,NEGATIVE_DEVIATION,STRESSED,2018-09-21,2018-09-29,2,-1.2039153995779814,LOW,устойчивое снижение зелёной биомассы относительно сезонной нормы,"{""ndvi_min_z"": -1.2039153995779814, ""water_z"": 0.9065484207279599, ""observed_points"": 2}"
AOI-0016,NEGATIVE_DEVIATION,CRITICAL,2019-04-21,2019-06-12,25,-2.485117510510693,HIGH,устойчивое снижение зелёной биомассы относительно сезонной нормы,"{""ndvi_min_z"": -2.485117510510693, ""water_z"": 1.5093609694225631, ""observed_points"": 23}"
AOI-0016,NEGATIVE_DEVIATION,CRITICAL,2020-04-07,2020-05-12,12,-2.736315251822923,HIGH,устойчивое снижение зелёной биомассы относительно сезонной нормы,"{""ndvi_min_z"": -2.736315251822923, ""water_z"": 1.3496754847950894, ""observed_points"": 11}"
AOI-0016,NEGATIVE_DEVIATION,CRITICAL,2020-05-27,2020-06-11,8,-2.3482288514747784,HIGH,устойчивое снижение зелёной биомассы относительно сезонной нормы,"{""ndvi_min_z"": -2.3482288514747784, ""water_z"": 2.0286809344330146, ""observed_points"": 8}"
AOI-0016,NEGATIVE_DEVIATION,STRESSED,2020-08-18,2020-08-25,5,-1.9871273840485926,MEDIUM,устойчивое снижение зелёной биомассы относительно сезонной нормы,"{""ndvi_min_z"": -1.9871273840485926, ""water_z"": 1.130436022712435, ""observed_points"": 4}"
AOI-0016,NEGATIVE_DEVIATION,CRITICAL,2020-08-30,2020-09-12,8,-2.0495327556168035,HIGH,устойчивое снижение зелёной биомассы относительно сезонной нормы,"{""ndvi_min_z"": -2.0495327556168035, ""water_z"": 1.3846734057621315, ""observed_points"": 7}"
AOI-0016,NEGATIVE_DEVIATION,STRESSED,2020-09-19,2020-09-29,7,-1.8089312104883886,MEDIUM,устойчивое снижение зелёной биомассы относительно сезонной нормы,"{""ndvi_min_z"": -1.8089312104883886, ""water_z"": 1.5053962004098573, ""observed_points"": 6}"
AOI-0016,NEGATIVE_DEVIATION,CRITICAL,2021-07-01,2021-09-27,39,-3.7077723764933106,HIGH,устойчивое снижение зелёной биомассы относительно сезонной нормы,"{""ndvi_min_z"": -3.7077723764933106, ""water_z"": 1.9478449632131778, ""observed_points"": 34}"
AOI-0016,NEGATIVE_DEVIATION,CRITICAL,2022-04-25,2022-06-06,12,-3.5915586602933636,HIGH,устойчивое снижение зелёной биомассы относительно сезонной нормы,"{""ndvi_min_z"": -3.5915586602933636, ""water_z"": 1.6761887659169323, ""observed_points"": 10}"
AOI-0016,NEGATIVE_DEVIATION,STRESSED,2022-09-18,2022-09-29,3,-1.4773458635434682,LOW,устойчивое снижение зелёной биомассы относительно сезонной нормы,"{""ndvi_min_z"": -1.4773458635434682, ""water_z"": 1.1601972713914046, ""observed_points"": 2}"
AOI-0016,NEGATIVE_DEVIATION,CRITICAL,2023-06-19,2023-09-17,42,-3.3593358537059257,HIGH,устойчивое снижение зелёной биомассы относительно сезонной нормы,"{""ndvi_min_z"": -3.3593358537059257, ""water_z"": 1.774362652011834, ""observed_points"": 35}"
AOI-0016,NEGATIVE_DEVIATION,STRESSED,2023-09-19,2023-09-29,6,-1.6957970620076244,MEDIUM,устойчивое снижение зелёной биомассы относительно сезонной нормы,"{""ndvi_min_z"": -1.6957970620076244, ""water_z"": 1.1083028312996843, ""observed_points"": 5}"
AOI-0016,NEGATIVE_DEVIATION,CRITICAL,2024-06-01,2024-09-18,50,-3.6215426888047584,HIGH,устойчивое снижение зелёной биомассы относительно сезонной нормы,"{""ndvi_min_z"": -3.6215426888047584, ""water_z"": 1.9567980727854783, ""observed_points"": 43}"
AOI-0016,NEGATIVE_DEVIATION,STRESSED,2024-09-21,2024-10-03,7,-1.4672209785692507,MEDIUM,устойчивое снижение зелёной биомассы относительно сезонной нормы,"{""ndvi_min_z"": -1.4672209785692507, ""water_z"": 1.0287062945089276, ""observed_points"": 7}"
AOI-0018,NEGATIVE_DEVIATION,CRITICAL,2011-04-06,2011-05-07,32,-2.362995864307051,HIGH,устойчивое снижение зелёной биомассы относительно сезонной нормы,"{""ndvi_min_z"": -2.362995864307051, ""water_z"": 2.0115274976931268, ""precip_z"": 0.24294434603997275, ""temp_z"": -1.1034824997701576, ""observed_points"": 5}"
AOI-0018,NEGATIVE_DEVIATION,STRESSED,2018-08-18,2018-08-29,12,-1.5983615378469165,MEDIUM,устойчивое снижение зелёной биомассы относительно сезонной нормы,"{""ndvi_min_z"": -1.5983615378469165, ""water_z"": 1.1247412395174297, ""precip_z"": -0.11577324612542163, ""temp_z"": -0.14605962059545244, ""observed_points"": 4}"
AOI-0018,NEGATIVE_DEVIATION,STRESSED,2018-09-17,2018-09-26,10,-1.2876130352507589,MEDIUM,устойчивое снижение зелёной биомассы относительно сезонной нормы,"{""ndvi_min_z"": -1.2876130352507589, ""water_z"": 1.0352908070062887, ""precip_z"": 0.4379257408363459, ""temp_z"": -0.008352165623354876, ""observed_points"": 3}"
AOI-0018,NEGATIVE_DEVIATION,CRITICAL,2019-04-29,2019-05-08,10,-2.5726235161991013,MEDIUM,устойчивое снижение зелёной биомассы относительно сезонной нормы,"{""ndvi_min_z"": -2.5726235161991013, ""water_z"": 2.051560060526029, ""precip_z"": 0.8072017523555486, ""temp_z"": 0.19241173223991456, ""observed_points"": 2}"
AOI-0018,NEGATIVE_DEVIATION,CRITICAL,2019-05-10,2019-07-04,56,-5.631534602256573,HIGH,устойчивое снижение зелёной биомассы относительно сезонной нормы,"{""ndvi_min_z"": -5.631534602256573, ""water_z"": 3.1106515637781555, ""precip_z"": -0.30412166630754167, ""temp_z"": 1.0626832671096484, ""observed_points"": 19}"
AOI-0018,NEGATIVE_DEVIATION,STRESSED,2019-10-18,2019-10-30,13,-1.4206684763442687,MEDIUM,устойчивое снижение зелёной биомассы относительно сезонной нормы,"{""ndvi_min_z"": -1.4206684763442687, ""water_z"": 1.1846590685622895, ""precip_z"": -0.3929386258643372, ""temp_z"": 0.7587688686324987, ""observed_points"": 4}"
AOI-0018,NEGATIVE_DEVIATION,CRITICAL,2020-06-14,2020-09-12,91,-4.435074082876449,HIGH,устойчивое снижение зелёной биомассы относительно сезонной нормы,"{""ndvi_min_z"": -4.435074082876449, ""water_z"": 2.352481965686167, ""precip_z"": -0.11515417982271664, ""temp_z"": 0.1472780111333828, ""observed_points"": 37}"
AOI-0018,NEGATIVE_DEVIATION,STRESSED,2020-09-14,2020-09-28,15,-1.6880985742698071,MEDIUM,устойчивое снижение зелёной биомассы относительно сезонной нормы,"{""ndvi_min_z"": -1.6880985742698071, ""water_z"": 1.4375824926387297, ""precip_z"": -0.3608535067797884, ""temp_z"": 0.588070801236851, ""observed_points"": 8}"
AOI-0018,NEGATIVE_DEVIATION,CRITICAL,2021-06-27,2021-09-29,95,-3.045066312085493,HIGH,устойчивое снижение зелёной биомассы относительно сезонной нормы,"{""ndvi_min_z"": -3.045066312085493, ""water_z"": 1.6242691794488242, ""precip_z"": 0.35045921336094876, ""temp_z"": 0.026267826796982238, ""observed_points"": 32}"
AOI-0018,NEGATIVE_DEVIATION,STRESSED,2021-10-01,2021-10-15,15,-1.7899051754172837,MEDIUM,устойчивое снижение зелёной биомассы относительно сезонной нормы,"{""ndvi_min_z"": -1.7899051754172837, ""water_z"": 1.592758353904899, ""precip_z"": -0.29843002101876986, ""temp_z"": -1.0102672806347903, ""observed_points"": 5}"
AOI-0018,NEGATIVE_DEVIATION,CRITICAL,2022-04-01,2022-04-20,20,-2.4323239477106573,HIGH,устойчивое снижение зелёной биомассы относительно сезонной нормы,"{""ndvi_min_z"": -2.4323239477106573, ""water_z"": 1.2059497304912823, ""precip_z"": -0.04598658290844346, ""temp_z"": 0.33196718719909735, ""observed_points"": 3}"
AOI-0018,NEGATIVE_DEVIATION,CRITICAL,2022-04-24,2022-05-24,31,-3.160970929067488,HIGH,устойчивое снижение зелёной биомассы относительно сезонной нормы,"{""ndvi_min_z"": -3.160970929067488, ""water_z"": 2.0054943922348696, ""precip_z"": 0.150175282055362, ""temp_z"": -0.9758762405231347, ""observed_points"": 4}"
AOI-0018,NEGATIVE_DEVIATION,CRITICAL,2022-05-26,2022-06-09,15,-3.898791698775469,HIGH,устойчивое снижение зелёной биомассы относительно сезонной нормы,"{""ndvi_min_z"": -3.898791698775469, ""water_z"": 2.807174461919975, ""precip_z"": -0.5008998729365476, ""temp_z"": 0.5807995128548218, ""observed_points"": 6}"
AOI-0018,NEGATIVE_DEVIATION,STRESSED,2022-09-02,2022-09-07,6,-1.3860376764203173,LOW,устойчивое снижение зелёной биомассы относительно сезонной нормы,"{""ndvi_min_z"": -1.3860376764203173, ""water_z"": 1.1267344022266719, ""precip_z"": -0.5654781956351009, ""temp_z"": -1.1696269226241494, ""observed_points"": 2}"
AOI-0018,NEGATIVE_DEVIATION,STRESSED,2022-09-18,2022-09-29,12,-1.3632665319699335,LOW,устойчивое снижение зелёной биомассы относительно сезонной нормы,"{""ndvi_min_z"": -1.3632665319699335, ""water_z"": 1.2706616176364762, ""precip_z"": 1.5098046293660188, ""temp_z"": -0.09690983433873603, ""observed_points"": 2}"
AOI-0018,NEGATIVE_DEVIATION,STRESSED,2022-10-01,2022-10-17,17,-1.4676568711898643,MEDIUM,устойчивое снижение зелёной биомассы относительно сезонной нормы,"{""ndvi_min_z"": -1.4676568711898643, ""water_z"": 0.7563899732337287, ""precip_z"": 0.26208947476877686, ""temp_z"": -0.3259004003407277, ""observed_points"": 5}"
AOI-0018,NEGATIVE_DEVIATION,CRITICAL,2023-06-20,2023-07-10,21,-3.650249346724156,HIGH,устойчивое снижение зелёной биомассы относительно сезонной нормы,"{""ndvi_min_z"": -3.650249346724156, ""water_z"": 1.5007897191985207, ""precip_z"": 0.019374860571287185, ""temp_z"": -0.6908129601692305, ""observed_points"": 7}"
AOI-0018,NEGATIVE_DEVIATION,CRITICAL,2023-07-13,2023-08-28,47,-3.689591786614197,HIGH,устойчивое снижение зелёной биомассы относительно сезонной нормы,"{""ndvi_min_z"": -3.689591786614197, ""water_z"": 1.7679498805802445, ""precip_z"": -0.019307751209737593, ""temp_z"": -0.08964961732105423, ""observed_points"": 20}"
AOI-0018,NEGATIVE_DEVIATION,CRITICAL,2023-08-30,2023-09-29,31,-2.66971633562924,HIGH,устойчивое снижение зелёной биомассы относительно сезонной нормы,"{""ndvi_min_z"": -2.66971633562924, ""water_z"": 1.803542462837833, ""precip_z"": -0.044930886221957414, ""temp_z"": 0.11989419391660974, ""observed_points"": 12}"
AOI-0018,NEGATIVE_DEVIATION,STRESSED,2023-10-01,2023-10-26,26,-1.9246413733865761,MEDIUM,устойчивое снижение зелёной биомассы относительно сезонной нормы,"{""ndvi_min_z"": -1.9246413733865761, ""water_z"": 1.4463080546941172, ""precip_z"": -0.27274759764088546, ""temp_z"": 0.27207218957220136, ""observed_points"": 8}"
AOI-0018,NEGATIVE_DEVIATION,CRITICAL,2024-04-01,2024-05-07,37,-2.830952285218944,HIGH,устойчивое снижение зелёной биомассы относительно сезонной нормы,"{""ndvi_min_z"": -2.830952285218944, ""water_z"": 1.7658783076015858, ""precip_z"": -0.5173540516239559, ""temp_z"": 1.7499955071536593, ""observed_points"": 10}"
AOI-0018,NEGATIVE_DEVIATION,CRITICAL,2024-05-09,2024-05-26,18,-2.9285557804600746,HIGH,устойчивое снижение зелёной биомассы относительно сезонной нормы,"{""ndvi_min_z"": -2.9285557804600746, ""water_z"": 2.0002942681007156, ""precip_z"": -0.5883713639208112, ""temp_z"": -0.7565777649754232, ""observed_points"": 4}"
AOI-0018,NEGATIVE_DEVIATION,CRITICAL,2024-08-17,2024-09-14,29,-2.1647507729131648,HIGH,устойчивое снижение зелёной биомассы относительно сезонной нормы,"{""ndvi_min_z"": -2.1647507729131648, ""water_z"": 1.366675824145735, ""precip_z"": -0.03316976125696037, ""temp_z"": 0.8934052358530835, ""observed_points"": 12}"
AOI-0018,NEGATIVE_DEVIATION,STRESSED,2024-09-16,2024-09-28,13,-1.5647436080788177,MEDIUM,устойчивое снижение зелёной биомассы относительно сезонной нормы,"{""ndvi_min_z"": -1.5647436080788177, ""water_z"": 1.2359127511822987, ""precip_z"": -0.3329757451744433, ""temp_z"": 0.7038924392591328, ""observed_points"": 5}"
AOI-0018,NEGATIVE_DEVIATION,STRESSED,2024-09-30,2024-10-12,13,-1.7992548373214914,MEDIUM,устойчивое снижение зелёной биомассы относительно сезонной нормы,"{""ndvi_min_z"": -1.7992548373214914, ""water_z"": 1.1985585963476768, ""precip_z"": -0.326755819242955, ""temp_z"": 0.9053983064884427, ""observed_points"": 5}"
AOI-0024,NEGATIVE_DEVIATION,CRITICAL,2010-05-01,2010-06-20,51,-3.5471672469267825,HIGH,устойчивое снижение зелёной биомассы относительно сезонной нормы,"{""ndvi_min_z"": -3.5471672469267825, ""water_z"": 1.522348213533159, ""precip_z"": -0.18488934625955492, ""temp_z"": 0.35923685742707934, ""observed_points"": 8}"
AOI-0024,NEGATIVE_DEVIATION,STRESSED,2011-04-18,2011-04-29,12,-1.5444330782436844,MEDIUM,устойчивое снижение зелёной биомассы относительно сезонной нормы,"{""ndvi_min_z"": -1.5444330782436844, ""water_z"": 1.0041987698342203, ""precip_z"": -0.3664226729316783, ""temp_z"": -0.8794869540366944, ""observed_points"": 4}"
AOI-0024,NEGATIVE_DEVIATION,STRESSED,2011-05-03,2011-05-10,8,-1.1877435648889858,LOW,устойчивое снижение зелёной биомассы относительно сезонной нормы,"{""ndvi_min_z"": -1.1877435648889858, ""water_z"": 1.0544097675557484, ""precip_z"": 0.8670686437732529, ""temp_z"": -0.4146943820644415, ""observed_points"": 2}"
AOI-0024,NEGATIVE_DEVIATION,STRESSED,2011-05-27,2011-06-08,13,-1.7559681886205214,MEDIUM,устойчивое снижение зелёной биомассы относительно сезонной нормы,"{""ndvi_min_z"": -1.7559681886205214, ""water_z"": 1.0133393111385052, ""precip_z"": -0.25390262019673693, ""temp_z"": 0.0921059270130348, ""observed_points"": 3}"
AOI-0024,NEGATIVE_DEVIATION,CRITICAL,2011-06-11,2011-06-24,14,-2.5247732196530963,MEDIUM,устойчивое снижение зелёной биомассы относительно сезонной нормы,"{""ndvi_min_z"": -2.5247732196530963, ""water_z"": 2.433111080179764, ""precip_z"": 0.9545571036257965, ""temp_z"": -0.9517449472566447, ""observed_points"": 2}"
AOI-0024,NEGATIVE_DEVIATION,CRITICAL,2013-05-02,2013-06-13,43,-3.5260361799787536,HIGH,устойчивое снижение зелёной биомассы относительно сезонной нормы,"{""ndvi_min_z"": -3.5260361799787536, ""water_z"": 1.1933907672232227, ""precip_z"": -0.43120913011191586, ""temp_z"": 0.8583850679817469, ""observed_points"": 5}"
AOI-0024,NEGATIVE_DEVIATION,STRESSED,2016-05-09,2016-05-21,13,-1.9659338142168463,MEDIUM,устойчивое снижение зелёной биомассы относительно сезонной нормы,"{""ndvi_min_z"": -1.9659338142168463, ""water_z"": 0.6636997138396085, ""precip_z"": 1.147326870903858, ""temp_z"": -0.4772299516812116, ""observed_points"": 3}"
AOI-0024,NEGATIVE_DEVIATION,CRITICAL,2016-05-25,2016-06-05,12,-2.005261131677559,MEDIUM,устойчивое снижение зелёной биомассы относительно сезонной нормы,"{""ndvi_min_z"": -2.005261131677559, ""water_z"": 1.218349532451796, ""precip_z"": 1.534177905102406, ""temp_z"": -0.635420585849758, ""observed_points"": 2}"
AOI-0024,NEGATIVE_DEVIATION,STRESSED,2017-09-05,2017-09-13,9,-1.770505055133711,MEDIUM,устойчивое снижение зелёной биомассы относительно сезонной нормы,"{""ndvi_min_z"": -1.770505055133711, ""water_z"": 1.340693936944894, ""precip_z"": 3.1317990834673473, ""temp_z"": 0.4397506127249201, ""observed_points"": 3}"
AOI-0024,NEGATIVE_DEVIATION,STRESSED,2017-10-03,2017-10-08,6,-1.692433393902863,MEDIUM,устойчивое снижение зелёной биомассы относительно сезонной нормы,"{""ndvi_min_z"": -1.692433393902863, ""water_z"": 0.6570526188922103, ""precip_z"": -0.3200552317461144, ""temp_z"": -0.25995324297209726, ""observed_points"": 3}"
AOI-0024,NEGATIVE_DEVIATION,STRESSED,2018-09-05,2018-09-13,9,-1.675824136035522,MEDIUM,устойчивое снижение зелёной биомассы относительно сезонной нормы,"{""ndvi_min_z"": -1.675824136035522, ""water_z"": 1.1371824791233498, ""precip_z"": -0.2032710005204517, ""temp_z"": 0.6393379912321979, ""observed_points"": 3}"
AOI-0024,NEGATIVE_DEVIATION,STRESSED,2020-04-18,2020-04-25,8,-1.8598205256552192,LOW,устойчивое снижение зелёной биомассы относительно сезонной нормы,"{""ndvi_min_z"": -1.8598205256552192, ""water_z"": 0.8321285282560138, ""precip_z"": -0.016191274906636154, ""temp_z"": -0.743060615203881, ""observed_points"": 2}"
AOI-0024,NEGATIVE_DEVIATION,CRITICAL,2020-04-30,2020-06-11,43,-2.2558536185562352,HIGH,устойчивое снижение зелёной биомассы относительно сезонной нормы,"{""ndvi_min_z"": -2.2558536185562352, ""water_z"": 1.0574534734652152, ""precip_z"": 0.8291360539891482, ""temp_z"": -0.3120202717279189, ""observed_points"": 14}"
AOI-0024,NEGATIVE_DEVIATION,STRESSED,2023-05-02,2023-05-12,11,-1.5640499957852796,MEDIUM,устойчивое снижение зелёной биомассы относительно сезонной нормы,"{""ndvi_min_z"": -1.5640499957852796, ""water_z"": 0.869677213236447, ""precip_z"": 0.656196526549914, ""temp_z"": -1.0255408463674052, ""observed_points"": 3}"
AOI-0024,NEGATIVE_DEVIATION,CRITICAL,2023-05-14,2023-06-07,25,-2.7702962002763067,HIGH,устойчивое снижение зелёной биомассы относительно сезонной нормы,"{""ndvi_min_z"": -2.7702962002763067, ""water_z"": 1.6385799781410253, ""precip_z"": 0.7314102334600997, ""temp_z"": -0.5015607411138778, ""observed_points"": 6}"
AOI-0024,NEGATIVE_DEVIATION,STRESSED,2023-10-19,2023-10-24,6,-1.8707895506689145,LOW,устойчивое снижение зелёной биомассы относительно сезонной нормы,"{""ndvi_min_z"": -1.8707895506689145, ""water_z"": 1.55494777430122, ""precip_z"": -0.43187080146855894, ""temp_z"": 0.7400446368093835, ""observed_points"": 2}"
AOI-0024,NEGATIVE_DEVIATION,CRITICAL,2024-06-13,2024-06-27,15,-2.2096047691481364,HIGH,устойчивое снижение зелёной биомассы относительно сезонной нормы,"{""ndvi_min_z"": -2.2096047691481364, ""water_z"": 1.128052313235131, ""precip_z"": -0.19178159691650123, ""temp_z"": 0.5861317095673683, ""observed_points"": 5}"
AOI-0024,NEGATIVE_DEVIATION,STRESSED,2024-08-23,2024-09-02,11,-1.632279977751602,MEDIUM,устойчивое снижение зелёной биомассы относительно сезонной нормы,"{""ndvi_min_z"": -1.632279977751602, ""water_z"": 1.781468108823047, ""precip_z"": 0.0018366999092623783, ""temp_z"": 1.1615653090606177, ""observed_points"": 5}"
AOI-0024,NEGATIVE_DEVIATION,CRITICAL,2024-09-06,2024-09-18,13,-2.495090584796399,HIGH,устойчивое снижение зелёной биомассы относительно сезонной нормы,"{""ndvi_min_z"": -2.495090584796399, ""water_z"": 1.2341818544101715, ""precip_z"": -0.004526937022884999, ""temp_z"": 1.1309454705243849, ""observed_points"": 6}"
AOI-0024,NEGATIVE_DEVIATION,CRITICAL,2024-09-21,2024-10-06,16,-2.030975159768944,HIGH,устойчивое снижение зелёной биомассы относительно сезонной нормы,"{""ndvi_min_z"": -2.030975159768944, ""water_z"": 0.5639717224482583, ""precip_z"": -0.33411497611383656, ""temp_z"": 0.7853105069056063, ""observed_points"": 5}"
AOI-0025,NEGATIVE_DEVIATION,CRITICAL,2010-04-15,2010-05-01,3,-2.0680810127116414,HIGH,устойчивое снижение зелёной биомассы относительно сезонной нормы,"{""ndvi_min_z"": -2.0680810127116414, ""water_z"": 0.32294163950187915, ""observed_points"": 3}"
AOI-0025,NEGATIVE_DEVIATION,CRITICAL,2011-04-07,2011-06-05,8,-2.678310262703024,HIGH,устойчивое снижение зелёной биомассы относительно сезонной нормы,"{""ndvi_min_z"": -2.678310262703024, ""water_z"": 0.9949597294445107, ""observed_points"": 7}"
AOI-0025,NEGATIVE_DEVIATION,CRITICAL,2015-04-05,2015-05-25,8,-2.8305820570540083,HIGH,устойчивое снижение зелёной биомассы относительно сезонной нормы,"{""ndvi_min_z"": -2.8305820570540083, ""water_z"": 1.1532987277823732, ""observed_points"": 6}"
AOI-0025,NEGATIVE_DEVIATION,STRESSED,2017-04-16,2017-05-06,6,-1.8945770544047615,MEDIUM,устойчивое снижение зелёной биомассы относительно сезонной нормы,"{""ndvi_min_z"": -1.8945770544047615, ""water_z"": 0.5517687000745645, ""observed_points"": 5}"
AOI-0025,NEGATIVE_DEVIATION,CRITICAL,2017-05-12,2017-06-05,4,-2.093931550474345,HIGH,устойчивое снижение зелёной биомассы относительно сезонной нормы,"{""ndvi_min_z"": -2.093931550474345, ""water_z"": 1.167666473126907, ""observed_points"": 3}"
AOI-0025,NEGATIVE_DEVIATION,CRITICAL,2019-04-21,2019-05-25,11,-2.5974209164581943,HIGH,устойчивое снижение зелёной биомассы относительно сезонной нормы,"{""ndvi_min_z"": -2.5974209164581943, ""water_z"": 1.365429975088097, ""observed_points"": 10}"
AOI-0025,NEGATIVE_DEVIATION,CRITICAL,2019-06-10,2019-06-15,3,-2.943369125058741,HIGH,устойчивое снижение зелёной биомассы относительно сезонной нормы,"{""ndvi_min_z"": -2.943369125058741, ""water_z"": 1.9653709746263006, ""observed_points"": 3}"
AOI-0025,NEGATIVE_DEVIATION,STRESSED,2019-06-20,2019-06-25,2,-1.4632692709835702,LOW,устойчивое снижение зелёной биомассы относительно сезонной нормы,"{""ndvi_min_z"": -1.4632692709835702, ""water_z"": 2.3148590496216106, ""observed_points"": 2}"
AOI-0025,NEGATIVE_DEVIATION,STRESSED,2019-08-29,2019-09-03,3,-1.9108865281234906,LOW,устойчивое снижение зелёной биомассы относительно сезонной нормы,"{""ndvi_min_z"": -1.9108865281234906, ""water_z"": 1.2141021466061697, ""observed_points"": 2}"
AOI-0025,NEGATIVE_DEVIATION,STRESSED,2020-09-02,2020-09-07,2,-1.312813645817077,LOW,устойчивое снижение зелёной биомассы относительно сезонной нормы,"{""ndvi_min_z"": -1.312813645817077, ""water_z"": 0.5175800851568347, ""observed_points"": 2}"
AOI-0025,NEGATIVE_DEVIATION,CRITICAL,2021-08-23,2021-08-28,2,-2.011522602418077,MEDIUM,устойчивое снижение зелёной биомассы относительно сезонной нормы,"{""ndvi_min_z"": -2.011522602418077, ""water_z"": 2.7099863878837898, ""observed_points"": 2}"
AOI-0025,NEGATIVE_DEVIATION,STRESSED,2022-08-28,2022-09-30,7,-1.8845616256080766,MEDIUM,устойчивое снижение зелёной биомассы относительно сезонной нормы,"{""ndvi_min_z"": -1.8845616256080766, ""water_z"": 0.806111195722755, ""observed_points"": 5}"
AOI-0025,NEGATIVE_DEVIATION,CRITICAL,2023-04-27,2023-05-25,7,-2.3931402968912403,HIGH,устойчивое снижение зелёной биомассы относительно сезонной нормы,"{""ndvi_min_z"": -2.3931402968912403, ""water_z"": 0.6904110777803398, ""observed_points"": 5}"
AOI-0025,NEGATIVE_DEVIATION,CRITICAL,2024-08-27,2024-09-01,3,-2.475336843507023,HIGH,устойчивое снижение зелёной биомассы относительно сезонной нормы,"{""ndvi_min_z"": -2.475336843507023, ""water_z"": 2.142917038100511, ""observed_points"": 3}"
AOI-0025,NEGATIVE_DEVIATION,CRITICAL,2024-09-06,2024-09-16,4,-2.6126108010003435,HIGH,устойчивое снижение зелёной биомассы относительно сезонной нормы,"{""ndvi_min_z"": -2.6126108010003435, ""water_z"": 1.538014086360879, ""observed_points"": 3}"
AOI-0025,NEGATIVE_DEVIATION,STRESSED,2024-09-21,2024-10-06,6,-1.5340431105385373,MEDIUM,устойчивое снижение зелёной биомассы относительно сезонной нормы,"{""ndvi_min_z"": -1.5340431105385373, ""water_z"": 0.7777092281649749, ""observed_points"": 5}"
AOI-0029,NEGATIVE_DEVIATION,CRITICAL,2012-05-01,2012-05-08,8,-2.255395809283339,MEDIUM,устойчивое снижение зелёной биомассы относительно сезонной нормы,"{""ndvi_min_z"": -2.255395809283339, ""water_z"": 1.4616112320208583, ""precip_z"": -0.35063021625916413, ""temp_z"": 0.7938522277650637, ""observed_points"": 2}"
AOI-0029,NEGATIVE_DEVIATION,STRESSED,2014-05-02,2014-05-10,9,-1.8017837821471283,LOW,устойчивое снижение зелёной биомассы относительно сезонной нормы,"{""ndvi_min_z"": -1.8017837821471283, ""water_z"": 1.022280909349429, ""precip_z"": 1.5590349350643715, ""temp_z"": -0.5152055465850053, ""observed_points"": 2}"
AOI-0029,NEGATIVE_DEVIATION,CRITICAL,2014-05-13,2014-06-20,39,-2.277665747648534,HIGH,устойчивое снижение зелёной биомассы относительно сезонной нормы,"{""ndvi_min_z"": -2.277665747648534, ""water_z"": 2.0289818350540916, ""precip_z"": 0.24466880719264855, ""temp_z"": 0.6246263905353171, ""observed_points"": 3}"
AOI-0029,NEGATIVE_DEVIATION,STRESSED,2016-04-21,2016-04-26,6,-1.652809590992369,LOW,устойчивое снижение зелёной биомассы относительно сезонной нормы,"{""ndvi_min_z"": -1.652809590992369, ""water_z"": 0.6279831464771483, ""precip_z"": -0.20248111439269317, ""temp_z"": 0.017691942449204086, ""observed_points"": 2}"
AOI-0029,NEGATIVE_DEVIATION,CRITICAL,2018-04-22,2018-06-23,63,-3.3682659845005274,HIGH,устойчивое снижение зелёной биомассы относительно сезонной нормы,"{""ndvi_min_z"": -3.3682659845005274, ""water_z"": 1.3848902320905363, ""precip_z"": -0.34646540436980483, ""temp_z"": 0.7099633318535635, ""observed_points"": 11}"
AOI-0029,NEGATIVE_DEVIATION,CRITICAL,2019-09-15,2019-09-28,14,-2.6410546213460946,HIGH,устойчивое снижение зелёной биомассы относительно сезонной нормы,"{""ndvi_min_z"": -2.6410546213460946, ""water_z"": 2.3962495421447567, ""precip_z"": 0.5728983800150482, ""temp_z"": -1.346066705885375, ""observed_points"": 3}"
AOI-0029,NEGATIVE_DEVIATION,STRESSED,2020-09-24,2020-09-29,6,-1.5555918312518164,LOW,устойчивое снижение зелёной биомассы относительно сезонной нормы,"{""ndvi_min_z"": -1.5555918312518164, ""water_z"": 1.081289762394264, ""precip_z"": -0.2522739020248409, ""temp_z"": 0.8942164004718589, ""observed_points"": 2}"
AOI-0029,NEGATIVE_DEVIATION,STRESSED,2021-08-21,2021-08-28,8,-1.7336004629307324,LOW,устойчивое снижение зелёной биомассы относительно сезонной нормы,"{""ndvi_min_z"": -1.7336004629307324, ""water_z"": 1.8258121993589507, ""precip_z"": 1.268389922020679, ""temp_z"": -0.3313427044314318, ""observed_points"": 2}"
AOI-0029,NEGATIVE_DEVIATION,CRITICAL,2022-05-05,2022-06-06,33,-2.709246965584572,HIGH,устойчивое снижение зелёной биомассы относительно сезонной нормы,"{""ndvi_min_z"": -2.709246965584572, ""water_z"": 1.3974773980483957, ""precip_z"": -0.21644252181611137, ""temp_z"": -0.5335725748667858, ""observed_points"": 9}"
AOI-0029,NEGATIVE_DEVIATION,CRITICAL,2024-05-01,2024-06-23,54,-2.8441160642258376,HIGH,устойчивое снижение зелёной биомассы относительно сезонной нормы,"{""ndvi_min_z"": -2.8441160642258376, ""water_z"": 1.8984539617677978, ""precip_z"": -0.3091119627498835, ""temp_z"": 0.3920992275688108, ""observed_points"": 11}"
AOI-0029,NEGATIVE_DEVIATION,STRESSED,2024-09-21,2024-10-04,14,-1.2327855914272858,MEDIUM,устойчивое снижение зелёной биомассы относительно сезонной нормы,"{""ndvi_min_z"": -1.2327855914272858, ""water_z"": -0.1727313969460018, ""precip_z"": -0.21822015342862594, ""temp_z"": 0.7810517117610398, ""observed_points"": 4}"
AOI-0034,NEGATIVE_DEVIATION,STRESSED,2013-05-18,2013-05-27,10,-1.2594484006959814,LOW,устойчивое снижение зелёной биомассы относительно сезонной нормы,"{""ndvi_min_z"": -1.2594484006959814, ""water_z"": 0.7333925515510293, ""precip_z"": 0.11041699734426005, ""temp_z"": 0.9412665952303725, ""observed_points"": 2}"
AOI-0034,NEGATIVE_DEVIATION,STRESSED,2015-05-06,2015-06-05,31,-1.7972163721325831,MEDIUM,устойчивое снижение зелёной биомассы относительно сезонной нормы,"{""ndvi_min_z"": -1.7972163721325831, ""water_z"": 0.9016113124550517, ""precip_z"": 0.48409502096851875, ""temp_z"": -0.22977640936887755, ""observed_points"": 5}"
AOI-0034,NEGATIVE_DEVIATION,STRESSED,2017-04-13,2017-04-20,8,-1.237818297917671,MEDIUM,устойчивое снижение зелёной биомассы относительно сезонной нормы,"{""ndvi_min_z"": -1.237818297917671, ""water_z"": 1.1638916618014596, ""precip_z"": 0.013986052462984414, ""temp_z"": 0.2084493052943746, ""observed_points"": 3}"
AOI-0034,NEGATIVE_DEVIATION,STRESSED,2017-04-30,2017-05-09,10,-1.43924338994355,LOW,устойчивое снижение зелёной биомассы относительно сезонной нормы,"{""ndvi_min_z"": -1.43924338994355, ""water_z"": 0.6911552180101018, ""precip_z"": -0.5167202370338766, ""temp_z"": 0.4082915556870161, ""observed_points"": 2}"
AOI-0034,NEGATIVE_DEVIATION,STRESSED,2017-05-25,2017-06-01,8,-1.381763481752781,LOW,устойчивое снижение зелёной биомассы относительно сезонной нормы,"{""ndvi_min_z"": -1.381763481752781, ""water_z"": 1.0673199554461896, ""precip_z"": -0.5496004466807779, ""temp_z"": -0.7049550465734715, ""observed_points"": 2}"
AOI-0034,NEGATIVE_DEVIATION,STRESSED,2018-09-23,2018-09-30,8,-1.3080726840025654,LOW,устойчивое снижение зелёной биомассы относительно сезонной нормы,"{""ndvi_min_z"": -1.3080726840025654, ""water_z"": 1.7163290450959257, ""precip_z"": 0.569218433437428, ""temp_z"": 0.14129710027004294, ""observed_points"": 2}"
AOI-0034,NEGATIVE_DEVIATION,STRESSED,2019-04-17,2019-04-26,10,-1.4285562158157947,MEDIUM,устойчивое снижение зелёной биомассы относительно сезонной нормы,"{""ndvi_min_z"": -1.4285562158157947, ""water_z"": 0.746571652584922, ""precip_z"": -0.02489396313348724, ""temp_z"": -0.9327850199997415, ""observed_points"": 4}"
AOI-0034,NEGATIVE_DEVIATION,CRITICAL,2019-04-29,2019-06-10,43,-2.517339371233604,HIGH,устойчивое снижение зелёной биомассы относительно сезонной нормы,"{""ndvi_min_z"": -2.517339371233604, ""water_z"": 1.3155149045297594, ""precip_z"": 0.12498160977599415, ""temp_z"": 0.4136604638199507, ""observed_points"": 12}"
AOI-0034,NEGATIVE_DEVIATION,STRESSED,2019-06-12,2019-06-19,8,-1.222225516424341,MEDIUM,устойчивое снижение зелёной биомассы относительно сезонной нормы,"{""ndvi_min_z"": -1.222225516424341, ""water_z"": 1.4322403481507824, ""precip_z"": -0.5098520491484697, ""temp_z"": 0.5249521098141411, ""observed_points"": 3}"
AOI-0034,NEGATIVE_DEVIATION,STRESSED,2021-04-01,2021-04-15,15,-1.9903093249009762,MEDIUM,устойчивое снижение зелёной биомассы относительно сезонной нормы,"{""ndvi_min_z"": -1.9903093249009762, ""water_z"": 3.631162844754898, ""precip_z"": 0.8131204783730748, ""temp_z"": 0.5014874454957144, ""observed_points"": 3}"
AOI-0034,NEGATIVE_DEVIATION,STRESSED,2021-04-17,2021-04-27,11,-1.8037394021834956,LOW,устойчивое снижение зелёной биомассы относительно сезонной нормы,"{""ndvi_min_z"": -1.8037394021834956, ""water_z"": 0.9285822482853368, ""precip_z"": 1.9069157069474627, ""temp_z"": -0.19798452546894196, ""observed_points"": 2}"
AOI-0034,NEGATIVE_DEVIATION,STRESSED,2021-04-30,2021-06-08,40,-1.859762864550277,MEDIUM,устойчивое снижение зелёной биомассы относительно сезонной нормы,"{""ndvi_min_z"": -1.859762864550277, ""water_z"": 1.459540296530251, ""precip_z"": 0.1693934719698501, ""temp_z"": -0.16062864143095723, ""observed_points"": 11}"
AOI-0034,NEGATIVE_DEVIATION,STRESSED,2021-06-11,2021-06-18,8,-1.3958444619989856,MEDIUM,устойчивое снижение зелёной биомассы относительно сезонной нормы,"{""ndvi_min_z"": -1.3958444619989856, ""water_z"": 1.5151872356010994, ""precip_z"": 1.2168759206575803, ""temp_z"": -0.49329579020513736, ""observed_points"": 3}"
AOI-0034,NEGATIVE_DEVIATION,CRITICAL,2021-09-16,2021-09-26,11,-3.795255050481621,MEDIUM,устойчивое снижение зелёной биомассы относительно сезонной нормы,"{""ndvi_min_z"": -3.795255050481621, ""water_z"": 8.378195290369817, ""precip_z"": 2.0631054525301216, ""temp_z"": -0.9610945256804586, ""observed_points"": 2}"
AOI-0034,NEGATIVE_DEVIATION,CRITICAL,2023-04-29,2023-06-09,42,-2.2930790587149623,HIGH,устойчивое снижение зелёной биомассы относительно сезонной нормы,"{""ndvi_min_z"": -2.2930790587149623, ""water_z"": 1.1987205587381156, ""precip_z"": 1.1302872392347778, ""temp_z"": -0.5968762363261418, ""observed_points"": 14}"
AOI-0036,NEGATIVE_DEVIATION,CRITICAL,2010-04-22,2010-05-20,29,-3.678115639000723,HIGH,устойчивое снижение зелёной биомассы относительно сезонной нормы,"{""ndvi_min_z"": -3.678115639000723, ""water_z"": 1.969777093126572, ""precip_z"": -0.3140876851570251, ""temp_z"": 0.3641636531393774, ""observed_points"": 6}"
AOI-0036,NEGATIVE_DEVIATION,STRESSED,2012-05-30,2012-06-27,29,-1.8430622505231835,LOW,устойчивое снижение зелёной биомассы относительно сезонной нормы,"{""ndvi_min_z"": -1.8430622505231835, ""water_z"": 2.6061254231891406, ""precip_z"": 0.25327467453761615, ""temp_z"": 0.03772601997188481, ""observed_points"": 2}"
AOI-0036,NEGATIVE_DEVIATION,CRITICAL,2014-05-17,2014-05-24,8,-2.064483769744635,MEDIUM,устойчивое снижение зелёной биомассы относительно сезонной нормы,"{""ndvi_min_z"": -2.064483769744635, ""water_z"": 1.7067968846476242, ""precip_z"": -0.4135744336462859, ""temp_z"": 1.7002407356431597, ""observed_points"": 2}"
AOI-0036,NEGATIVE_DEVIATION,STRESSED,2015-10-16,2015-10-30,15,-1.5088494788083988,LOW,устойчивое снижение зелёной биомассы относительно сезонной нормы,"{""ndvi_min_z"": -1.5088494788083988, ""water_z"": 0.5727311120657266, ""precip_z"": 1.4296780644320244, ""temp_z"": -0.6921041509231006, ""observed_points"": 2}"
AOI-0036,NEGATIVE_DEVIATION,STRESSED,2016-04-08,2016-04-22,15,-1.8586377196615849,MEDIUM,устойчивое снижение зелёной биомассы относительно сезонной нормы,"{""ndvi_min_z"": -1.8586377196615849, ""water_z"": 0.5720374606308054, ""precip_z"": -0.34964694213624514, ""temp_z"": 0.7536270297737188, ""observed_points"": 5}"
AOI-0036,NEGATIVE_DEVIATION,CRITICAL,2016-04-24,2016-05-23,30,-2.965979114689632,HIGH,устойчивое снижение зелёной биомассы относительно сезонной нормы,"{""ndvi_min_z"": -2.965979114689632, ""water_z"": 1.3641618612901758, ""precip_z"": 0.35296608845933064, ""temp_z"": -0.3268653188253954, ""observed_points"": 4}"
AOI-0036,NEGATIVE_DEVIATION,STRESSED,2019-07-02,2019-07-08,7,-1.6402047577936258,MEDIUM,устойчивое снижение зелёной биомассы относительно сезонной нормы,"{""ndvi_min_z"": -1.6402047577936258, ""water_z"": 1.2650219673942107, ""precip_z"": -0.3367111585629691, ""temp_z"": 0.23302714936446958, ""observed_points"": 4}"
AOI-0036,NEGATIVE_DEVIATION,STRESSED,2020-07-05,2020-07-17,13,-1.494721311899829,MEDIUM,устойчивое снижение зелёной биомассы относительно сезонной нормы,"{""ndvi_min_z"": -1.494721311899829, ""water_z"": 1.1995474744379342, ""precip_z"": -0.09173171156025522, ""temp_z"": 0.6748242475657972, ""observed_points"": 7}"
AOI-0036,NEGATIVE_DEVIATION,STRESSED,2020-08-07,2020-08-17,11,-1.6031078559008631,MEDIUM,устойчивое снижение зелёной биомассы относительно сезонной нормы,"{""ndvi_min_z"": -1.6031078559008631, ""water_z"": 0.4783787946579996, ""precip_z"": -0.1187451642665065, ""temp_z"": -1.2537733265508904, ""observed_points"": 4}"
AOI-0036,NEGATIVE_DEVIATION,STRESSED,2020-10-08,2020-10-20,13,-1.5379974649881156,MEDIUM,устойчивое снижение зелёной биомассы относительно сезонной нормы,"{""ndvi_min_z"": -1.5379974649881156, ""water_z"": 0.32170760014099026, ""precip_z"": -0.44759226096724475, ""temp_z"": 1.6307127931422367, ""observed_points"": 4}"
AOI-0036,NEGATIVE_DEVIATION,CRITICAL,2021-04-01,2021-05-05,35,-4.8945755563480375,HIGH,устойчивое снижение зелёной биомассы относительно сезонной нормы,"{""ndvi_min_z"": -4.8945755563480375, ""water_z"": 3.0367912228587195, ""precip_z"": 1.580706321805613, ""temp_z"": 0.2662129467511532, ""observed_points"": 10}"
AOI-0036,NEGATIVE_DEVIATION,CRITICAL,2024-05-27,2024-06-02,7,-2.391522367195947,MEDIUM,устойчивое снижение зелёной биомассы относительно сезонной нормы,"{""ndvi_min_z"": -2.391522367195947, ""water_z"": 2.194015014933922, ""precip_z"": -0.583141754428223, ""temp_z"": 1.1059814611316092, ""observed_points"": 2}"
AOI-0036,NEGATIVE_DEVIATION,STRESSED,2024-06-20,2024-06-25,6,-1.4857570432616185,MEDIUM,устойчивое снижение зелёной биомассы относительно сезонной нормы,"{""ndvi_min_z"": -1.4857570432616185, ""water_z"": 1.0211306577628276, ""precip_z"": 0.19061909468461233, ""temp_z"": -0.3159880050643538, ""observed_points"": 3}"
AOI-0036,NEGATIVE_DEVIATION,STRESSED,2024-07-05,2024-07-10,6,-1.4837844350225602,HIGH,"сигналы совместимы с жарким/сухим периодом; это гипотеза, а не диагноз","{""ndvi_min_z"": -1.4837844350225602, ""water_z"": 0.9365850299799988, ""precip_z"": -0.8446034220656055, ""temp_z"": 2.0212559286263616, ""observed_points"": 3}"
AOI-0036,NEGATIVE_DEVIATION,STRESSED,2024-07-30,2024-08-04,6,-1.3557423261980421,LOW,устойчивое снижение зелёной биомассы относительно сезонной нормы,"{""ndvi_min_z"": -1.3557423261980421, ""water_z"": 0.658133104677342, ""precip_z"": -0.04727198741155183, ""temp_z"": -0.47790832299697883, ""observed_points"": 2}"
AOI-0036,NEGATIVE_DEVIATION,STRESSED,2024-09-08,2024-09-13,6,-1.537746151160401,LOW,устойчивое снижение зелёной биомассы относительно сезонной нормы,"{""ndvi_min_z"": -1.537746151160401, ""water_z"": 0.041965370480885625, ""precip_z"": -0.2458141198826702, ""temp_z"": 2.045694393266644, ""observed_points"": 2}"
AOI-0036,NEGATIVE_DEVIATION,STRESSED,2024-10-10,2024-10-15,6,-1.4814761822159126,MEDIUM,устойчивое снижение зелёной биомассы относительно сезонной нормы,"{""ndvi_min_z"": -1.4814761822159126, ""water_z"": 0.9313424631392394, ""precip_z"": -0.1737157355215425, ""temp_z"": -0.25381644501302536, ""observed_points"": 3}"
AOI-0036,NEGATIVE_DEVIATION,CRITICAL,2024-10-19,2024-10-30,12,-2.3601228800606915,HIGH,устойчивое снижение зелёной биомассы относительно сезонной нормы,"{""ndvi_min_z"": -2.3601228800606915, ""water_z"": 1.2547693830855704, ""precip_z"": 0.19411328339045902, ""temp_z"": -0.5816452104272438, ""observed_points"": 3}"
AOI-0039,NEGATIVE_DEVIATION,CRITICAL,2012-05-08,2012-06-25,5,-2.5545698512531594,HIGH,устойчивое снижение зелёной биомассы относительно сезонной нормы,"{""ndvi_min_z"": -2.5545698512531594, ""water_z"": 1.096899587242027, ""observed_points"": 5}"
AOI-0039,NEGATIVE_DEVIATION,STRESSED,2013-05-20,2013-05-25,2,-1.5245791964446713,LOW,устойчивое снижение зелёной биомассы относительно сезонной нормы,"{""ndvi_min_z"": -1.5245791964446713, ""water_z"": 1.7078911184957417, ""observed_points"": 2}"
AOI-0039,NEGATIVE_DEVIATION,STRESSED,2014-06-10,2014-06-26,3,-1.6303749751074843,LOW,устойчивое снижение зелёной биомассы относительно сезонной нормы,"{""ndvi_min_z"": -1.6303749751074843, ""observed_points"": 2}"
AOI-0039,NEGATIVE_DEVIATION,STRESSED,2014-09-30,2014-10-05,2,-1.4324576776049487,LOW,устойчивое снижение зелёной биомассы относительно сезонной нормы,"{""ndvi_min_z"": -1.4324576776049487, ""water_z"": 1.9550374427884245, ""observed_points"": 2}"
AOI-0039,NEGATIVE_DEVIATION,STRESSED,2015-04-07,2015-04-15,3,-1.8891530160175605,MEDIUM,устойчивое снижение зелёной биомассы относительно сезонной нормы,"{""ndvi_min_z"": -1.8891530160175605, ""water_z"": 1.2999924350588001, ""observed_points"": 3}"
AOI-0039,NEGATIVE_DEVIATION,CRITICAL,2015-05-26,2015-06-02,2,-3.0287783511828166,MEDIUM,устойчивое снижение зелёной биомассы относительно сезонной нормы,"{""ndvi_min_z"": -3.0287783511828166, ""water_z"": 2.633464517087179, ""observed_points"": 2}"
AOI-0039,NEGATIVE_DEVIATION,CRITICAL,2020-04-14,2020-05-04,7,-4.273806112672464,HIGH,устойчивое снижение зелёной биомассы относительно сезонной нормы,"{""ndvi_min_z"": -4.273806112672464, ""water_z"": 1.1921761669120308, ""observed_points"": 5}"
AOI-0039,NEGATIVE_DEVIATION,CRITICAL,2020-07-25,2020-07-31,4,-2.3909255431915186,MEDIUM,устойчивое снижение зелёной биомассы относительно сезонной нормы,"{""ndvi_min_z"": -2.3909255431915186, ""water_z"": 2.3035335847826235, ""observed_points"": 2}"
AOI-0039,NEGATIVE_DEVIATION,CRITICAL,2020-09-24,2020-10-19,12,-2.251130068903052,HIGH,устойчивое снижение зелёной биомассы относительно сезонной нормы,"{""ndvi_min_z"": -2.251130068903052, ""water_z"": 0.9465039110123068, ""observed_points"": 11}"
AOI-0039,NEGATIVE_DEVIATION,STRESSED,2021-04-22,2021-05-01,4,-1.826654465815042,MEDIUM,устойчивое снижение зелёной биомассы относительно сезонной нормы,"{""ndvi_min_z"": -1.826654465815042, ""water_z"": 2.5761031509058236, ""observed_points"": 3}"
AOI-0039,NEGATIVE_DEVIATION,CRITICAL,2024-07-17,2024-07-22,4,-2.5265288790872305,HIGH,устойчивое снижение зелёной биомассы относительно сезонной нормы,"{""ndvi_min_z"": -2.5265288790872305, ""water_z"": 0.842783181413134, ""observed_points"": 3}"
AOI-0039,NEGATIVE_DEVIATION,STRESSED,2024-07-30,2024-08-04,3,-1.6663059278274848,MEDIUM,устойчивое снижение зелёной биомассы относительно сезонной нормы,"{""ndvi_min_z"": -1.6663059278274848, ""water_z"": 1.2140670363334487, ""observed_points"": 3}"
AOI-0039,NEGATIVE_DEVIATION,CRITICAL,2024-08-21,2024-08-28,3,-2.1685688714409004,MEDIUM,устойчивое снижение зелёной биомассы относительно сезонной нормы,"{""ndvi_min_z"": -2.1685688714409004, ""water_z"": 1.0008507942981388, ""observed_points"": 2}"
AOI-0039,NEGATIVE_DEVIATION,CRITICAL,2024-09-29,2024-10-25,7,-2.8298189804756877,HIGH,устойчивое снижение зелёной биомассы относительно сезонной нормы,"{""ndvi_min_z"": -2.8298189804756877, ""water_z"": 1.447052917506593, ""observed_points"": 7}"
AOI-0042,NEGATIVE_DEVIATION,STRESSED,2019-05-12,2019-05-29,18,-1.9051396962923255,MEDIUM,устойчивое снижение зелёной биомассы относительно сезонной нормы,"{""ndvi_min_z"": -1.9051396962923255, ""water_z"": 0.8406382073588069, ""precip_z"": 0.047301332541133834, ""temp_z"": 0.29432934394507004, ""observed_points"": 7}"
AOI-0042,NEGATIVE_DEVIATION,STRESSED,2019-05-31,2019-06-07,8,-1.356653786655602,MEDIUM,устойчивое снижение зелёной биомассы относительно сезонной нормы,"{""ndvi_min_z"": -1.356653786655602, ""water_z"": 0.93335653128124, ""precip_z"": -0.38299158576328374, ""temp_z"": 1.4760386055618278, ""observed_points"": 3}"
AOI-0042,NEGATIVE_DEVIATION,STRESSED,2019-06-12,2019-06-23,12,-1.5817887178057162,MEDIUM,устойчивое снижение зелёной биомассы относительно сезонной нормы,"{""ndvi_min_z"": -1.5817887178057162, ""water_z"": 1.2008829757694164, ""precip_z"": -0.3719115994578933, ""temp_z"": 0.7556928635019458, ""observed_points"": 4}"
AOI-0042,NEGATIVE_DEVIATION,CRITICAL,2020-08-07,2020-08-16,10,-6.0328780345976325,HIGH,устойчивое снижение зелёной биомассы относительно сезонной нормы,"{""ndvi_min_z"": -6.0328780345976325, ""water_z"": 1.0598339156144083, ""precip_z"": -0.12008178846279681, ""temp_z"": -0.8835887122259583, ""observed_points"": 5}"
AOI-0042,NEGATIVE_DEVIATION,STRESSED,2021-05-11,2021-05-23,13,-1.3652846802997443,MEDIUM,устойчивое снижение зелёной биомассы относительно сезонной нормы,"{""ndvi_min_z"": -1.3652846802997443, ""water_z"": 1.0575899389674468, ""precip_z"": 0.18078723421977244, ""temp_z"": 0.7983597276426497, ""observed_points"": 3}"
AOI-0042,NEGATIVE_DEVIATION,STRESSED,2021-05-29,2021-06-07,10,-1.3668895042521645,LOW,устойчивое снижение зелёной биомассы относительно сезонной нормы,"{""ndvi_min_z"": -1.3668895042521645, ""water_z"": 1.1236976132484964, ""precip_z"": 0.7641537347705261, ""temp_z"": -1.2134626893151736, ""observed_points"": 2}"
AOI-0042,NEGATIVE_DEVIATION,STRESSED,2021-06-11,2021-06-18,8,-1.4743195819644141,MEDIUM,устойчивое снижение зелёной биомассы относительно сезонной нормы,"{""ndvi_min_z"": -1.4743195819644141, ""water_z"": 0.8711044791596768, ""precip_z"": 2.969487464684959, ""temp_z"": -0.6293551656962303, ""observed_points"": 3}"
AOI-0042,NEGATIVE_DEVIATION,STRESSED,2021-06-21,2021-06-30,10,-1.9524855260046148,MEDIUM,устойчивое снижение зелёной биомассы относительно сезонной нормы,"{""ndvi_min_z"": -1.9524855260046148, ""water_z"": 1.2965217769883894, ""precip_z"": -0.4396914563172007, ""temp_z"": 1.098230651100608, ""observed_points"": 4}"
AOI-0042,NEGATIVE_DEVIATION,STRESSED,2021-07-24,2021-07-31,8,-1.3456371460940182,LOW,устойчивое снижение зелёной биомассы относительно сезонной нормы,"{""ndvi_min_z"": -1.3456371460940182, ""water_z"": 0.5272662236774192, ""precip_z"": 0.6419984718880372, ""temp_z"": 0.06468984435075566, ""observed_points"": 2}"
AOI-0042,NEGATIVE_DEVIATION,CRITICAL,2022-07-25,2022-07-31,7,-2.2110370873009644,HIGH,устойчивое снижение зелёной биомассы относительно сезонной нормы,"{""ndvi_min_z"": -2.2110370873009644, ""water_z"": 0.26943074021356656, ""precip_z"": 1.319156144202183, ""temp_z"": -0.6445076974943286, ""observed_points"": 3}"
AOI-0042,NEGATIVE_DEVIATION,STRESSED,2023-06-02,2023-06-07,6,-1.2447842404674645,LOW,устойчивое снижение зелёной биомассы относительно сезонной нормы,"{""ndvi_min_z"": -1.2447842404674645, ""water_z"": 1.0287639895222433, ""precip_z"": 3.389150519733237, ""temp_z"": -0.7350105079573941, ""observed_points"": 2}"
AOI-0047,NEGATIVE_DEVIATION,STRESSED,2013-06-01,2013-06-22,22,-1.8566043668147307,LOW,устойчивое снижение зелёной биомассы относительно сезонной нормы,"{""ndvi_min_z"": -1.8566043668147307, ""water_z"": 1.7800694371302141, ""precip_z"": 0.3022588322077108, ""temp_z"": 0.3023931698412393, ""observed_points"": 2}"
AOI-0047,NEGATIVE_DEVIATION,CRITICAL,2018-05-16,2018-06-26,42,-2.196395002257551,HIGH,устойчивое снижение зелёной биомассы относительно сезонной нормы,"{""ndvi_min_z"": -2.196395002257551, ""water_z"": 1.0334826532565855, ""precip_z"": -0.27272688630777386, ""temp_z"": 0.24261618024248433, ""observed_points"": 7}"
AOI-0047,NEGATIVE_DEVIATION,CRITICAL,2020-05-09,2020-06-24,47,-2.5083062005148493,HIGH,устойчивое снижение зелёной биомассы относительно сезонной нормы,"{""ndvi_min_z"": -2.5083062005148493, ""water_z"": 0.8221946904197509, ""precip_z"": 0.546348932581629, ""temp_z"": -0.19761827941328697, ""observed_points"": 14}"
AOI-0047,NEGATIVE_DEVIATION,CRITICAL,2022-05-24,2022-06-25,33,-2.3655082386065844,HIGH,устойчивое снижение зелёной биомассы относительно сезонной нормы,"{""ndvi_min_z"": -2.3655082386065844, ""water_z"": 1.4897830603899258, ""precip_z"": -0.2444068298405767, ""temp_z"": -0.07873013922219377, ""observed_points"": 9}"
AOI-0047,NEGATIVE_DEVIATION,STRESSED,2023-09-23,2023-09-29,7,-1.1208076037701393,LOW,устойчивое снижение зелёной биомассы относительно сезонной нормы,"{""ndvi_min_z"": -1.1208076037701393, ""water_z"": 0.44475998261900196, ""precip_z"": -0.31812416846253777, ""temp_z"": 1.2047357956426525, ""observed_points"": 2}"
AOI-0047,NEGATIVE_DEVIATION,STRESSED,2024-05-09,2024-06-24,47,-1.985430818950575,MEDIUM,устойчивое снижение зелёной биомассы относительно сезонной нормы,"{""ndvi_min_z"": -1.985430818950575, ""water_z"": 0.9709625020028366, ""precip_z"": -0.3698781116809042, ""temp_z"": 0.6285459319372608, ""observed_points"": 12}"
AOI-0049,NEGATIVE_DEVIATION,STRESSED,2010-04-19,2010-04-30,12,-1.648681967032744,LOW,устойчивое снижение зелёной биомассы относительно сезонной нормы,"{""ndvi_min_z"": -1.648681967032744, ""water_z"": 0.3892410634571226, ""precip_z"": -0.14751791335726944, ""temp_z"": -0.2828157512917862, ""observed_points"": 2}"
AOI-0049,NEGATIVE_DEVIATION,CRITICAL,2010-05-22,2010-06-08,18,-2.0427158412532815,MEDIUM,устойчивое снижение зелёной биомассы относительно сезонной нормы,"{""ndvi_min_z"": -2.0427158412532815, ""water_z"": 1.5442563347627287, ""precip_z"": 0.4067215669437909, ""temp_z"": 0.21547457315655874, ""observed_points"": 2}"
AOI-0049,NEGATIVE_DEVIATION,STRESSED,2011-06-29,2011-07-10,12,-1.2612451998734862,LOW,устойчивое снижение зелёной биомассы относительно сезонной нормы,"{""ndvi_min_z"": -1.2612451998734862, ""water_z"": 0.9482384915055744, ""precip_z"": 1.2711865740987673, ""temp_z"": -0.7602389752002756, ""observed_points"": 2}"
AOI-0049,NEGATIVE_DEVIATION,STRESSED,2011-07-13,2011-07-19,7,-1.3345110761875452,LOW,устойчивое снижение зелёной биомассы относительно сезонной нормы,"{""ndvi_min_z"": -1.3345110761875452, ""water_z"": 1.201336788266604, ""precip_z"": -0.21931515071980515, ""temp_z"": 1.1198885491007506, ""observed_points"": 2}"
AOI-0049,NEGATIVE_DEVIATION,CRITICAL,2012-05-05,2012-05-26,22,-2.3684514970598416,MEDIUM,устойчивое снижение зелёной биомассы относительно сезонной нормы,"{""ndvi_min_z"": -2.3684514970598416, ""water_z"": 1.6253915803460999, ""precip_z"": -0.7035605983036708, ""temp_z"": 1.5785050164545837, ""observed_points"": 2}"
AOI-0049,NEGATIVE_DEVIATION,CRITICAL,2014-06-09,2014-07-24,46,-2.3332759390052376,HIGH,устойчивое снижение зелёной биомассы относительно сезонной нормы,"{""ndvi_min_z"": -2.3332759390052376, ""water_z"": 1.1956829747299005, ""precip_z"": 0.5336830507980752, ""temp_z"": -0.7497958039582976, ""observed_points"": 8}"
AOI-0049,NEGATIVE_DEVIATION,STRESSED,2014-08-13,2014-08-23,11,-1.57852143700807,MEDIUM,устойчивое снижение зелёной биомассы относительно сезонной нормы,"{""ndvi_min_z"": -1.57852143700807, ""water_z"": 1.2993402414042494, ""precip_z"": 0.016232928442281757, ""temp_z"": 0.747189986648554, ""observed_points"": 4}"
AOI-0049,NEGATIVE_DEVIATION,STRESSED,2015-04-19,2015-04-24,6,-1.2928046812851048,LOW,устойчивое снижение зелёной биомассы относительно сезонной нормы,"{""ndvi_min_z"": -1.2928046812851048, ""water_z"": 0.2301731300436141, ""precip_z"": 1.6024224012487713, ""temp_z"": -1.4104879846731424, ""observed_points"": 2}"
AOI-0049,NEGATIVE_DEVIATION,CRITICAL,2015-05-09,2015-05-24,16,-2.0762884247235003,HIGH,устойчивое снижение зелёной биомассы относительно сезонной нормы,"{""ndvi_min_z"": -2.0762884247235003, ""water_z"": 1.2016856848928952, ""precip_z"": -0.49503073068133496, ""temp_z"": -0.2444701387342766, ""observed_points"": 3}"
AOI-0049,NEGATIVE_DEVIATION,STRESSED,2016-06-21,2016-07-31,41,-1.5507161829250076,MEDIUM,устойчивое снижение зелёной биомассы относительно сезонной нормы,"{""ndvi_min_z"": -1.5507161829250076, ""water_z"": 0.9607698974521011, ""precip_z"": -0.18792767517725015, ""temp_z"": -0.009720813238997622, ""observed_points"": 8}"
AOI-0049,NEGATIVE_DEVIATION,STRESSED,2016-08-08,2016-08-14,7,-1.7755531590264202,LOW,устойчивое снижение зелёной биомассы относительно сезонной нормы,"{""ndvi_min_z"": -1.7755531590264202, ""water_z"": 0.8500930442895155, ""precip_z"": 0.10495220521826099, ""temp_z"": 0.5835547799580888, ""observed_points"": 2}"
AOI-0049,NEGATIVE_DEVIATION,STRESSED,2017-04-23,2017-04-29,7,-1.381532341321908,MEDIUM,устойчивое снижение зелёной биомассы относительно сезонной нормы,"{""ndvi_min_z"": -1.381532341321908, ""water_z"": 0.1787676275256689, ""precip_z"": 2.442798149632991, ""temp_z"": -1.0269096633228771, ""observed_points"": 3}"
AOI-0049,NEGATIVE_DEVIATION,CRITICAL,2018-06-08,2018-08-21,75,-3.2118192751534553,HIGH,устойчивое снижение зелёной биомассы относительно сезонной нормы,"{""ndvi_min_z"": -3.2118192751534553, ""water_z"": 1.4973399658386681, ""precip_z"": -0.217904916710849, ""temp_z"": 0.42442207363869616, ""observed_points"": 16}"
AOI-0049,NEGATIVE_DEVIATION,CRITICAL,2018-09-09,2018-09-19,11,-2.3480265904806057,HIGH,устойчивое снижение зелёной биомассы относительно сезонной нормы,"{""ndvi_min_z"": -2.3480265904806057, ""water_z"": 1.134768018518818, ""precip_z"": 1.3203948974501956, ""temp_z"": 0.27193137499503295, ""observed_points"": 4}"
AOI-0049,NEGATIVE_DEVIATION,STRESSED,2019-04-24,2019-04-29,6,-1.3376711436431672,LOW,устойчивое снижение зелёной биомассы относительно сезонной нормы,"{""ndvi_min_z"": -1.3376711436431672, ""water_z"": 0.21964653163541423, ""precip_z"": -0.5867115313599969, ""temp_z"": 0.5169252478496172, ""observed_points"": 2}"
AOI-0049,NEGATIVE_DEVIATION,STRESSED,2019-05-11,2019-05-22,12,-1.6207887999373605,LOW,устойчивое снижение зелёной биомассы относительно сезонной нормы,"{""ndvi_min_z"": -1.6207887999373605, ""water_z"": 1.2105291003004701, ""precip_z"": -0.5893005352205913, ""temp_z"": 1.046785643400246, ""observed_points"": 2}"
AOI-0049,NEGATIVE_DEVIATION,CRITICAL,2020-06-14,2020-08-22,70,-2.09785388268197,HIGH,устойчивое снижение зелёной биомассы относительно сезонной нормы,"{""ndvi_min_z"": -2.09785388268197, ""water_z"": 1.3311392475866137, ""precip_z"": -0.10175337080528521, ""temp_z"": 0.029580797445757416, ""observed_points"": 20}"
AOI-0049,NEGATIVE_DEVIATION,STRESSED,2021-04-12,2021-04-22,11,-1.4818770809818997,LOW,устойчивое снижение зелёной биомассы относительно сезонной нормы,"{""ndvi_min_z"": -1.4818770809818997, ""water_z"": 1.0759213624248365, ""precip_z"": 0.8049199559990575, ""temp_z"": -0.06325297859098568, ""observed_points"": 2}"
AOI-0049,NEGATIVE_DEVIATION,STRESSED,2021-04-30,2021-05-07,8,-1.57544629350093,MEDIUM,устойчивое снижение зелёной биомассы относительно сезонной нормы,"{""ndvi_min_z"": -1.57544629350093, ""water_z"": 0.4958351126074606, ""precip_z"": 0.05346272002046104, ""temp_z"": 0.0699209669204334, ""observed_points"": 3}"
AOI-0049,NEGATIVE_DEVIATION,STRESSED,2021-05-11,2021-06-01,22,-1.7423558054406072,MEDIUM,устойчивое снижение зелёной биомассы относительно сезонной нормы,"{""ndvi_min_z"": -1.7423558054406072, ""water_z"": 0.8847908343847823, ""precip_z"": 0.7021595845619971, ""temp_z"": 0.3631424106517316, ""observed_points"": 5}"
AOI-0049,NEGATIVE_DEVIATION,STRESSED,2022-06-23,2022-08-17,56,-1.9188648862075957,MEDIUM,устойчивое снижение зелёной биомассы относительно сезонной нормы,"{""ndvi_min_z"": -1.9188648862075957, ""water_z"": 1.3055501337916922, ""precip_z"": 0.7531753712522797, ""temp_z"": -0.6131880948010016, ""observed_points"": 20}"
AOI-0049,NEGATIVE_DEVIATION,STRESSED,2023-06-27,2023-07-26,30,-1.7622696279689285,MEDIUM,устойчивое снижение зелёной биомассы относительно сезонной нормы,"{""ndvi_min_z"": -1.7622696279689285, ""water_z"": 1.0152957947133046, ""precip_z"": 0.12370920115035727, ""temp_z"": -0.7186891977129297, ""observed_points"": 7}"
AOI-0054,NEGATIVE_DEVIATION,CRITICAL,2010-04-07,2010-04-30,24,-2.697671655575637,HIGH,устойчивое снижение зелёной биомассы относительно сезонной нормы,"{""ndvi_min_z"": -2.697671655575637, ""water_z"": 1.4347794543424928, ""precip_z"": -0.08363584368169574, ""temp_z"": -0.7512735385540672, ""observed_points"": 4}"
AOI-0054,NEGATIVE_DEVIATION,CRITICAL,2011-04-12,2011-05-23,42,-6.341049071016335,HIGH,устойчивое снижение зелёной биомассы относительно сезонной нормы,"{""ndvi_min_z"": -6.341049071016335, ""water_z"": 2.865188138176176, ""precip_z"": 0.25277053232778995, ""temp_z"": -0.7360527852470704, ""observed_points"": 4}"
AOI-0054,NEGATIVE_DEVIATION,CRITICAL,2012-07-26,2012-08-01,7,-2.2227977089983173,MEDIUM,устойчивое снижение зелёной биомассы относительно сезонной нормы,"{""ndvi_min_z"": -2.2227977089983173, ""water_z"": 1.613897485748715, ""precip_z"": -0.30983688792726694, ""temp_z"": 0.37218024179070036, ""observed_points"": 2}"
AOI-0054,NEGATIVE_DEVIATION,CRITICAL,2013-06-10,2013-06-22,13,-2.8885633688351398,MEDIUM,устойчивое снижение зелёной биомассы относительно сезонной нормы,"{""ndvi_min_z"": -2.8885633688351398, ""water_z"": 2.773162224212601, ""precip_z"": 0.2925942685027741, ""temp_z"": 0.4098798027081812, ""observed_points"": 2}"
AOI-0054,NEGATIVE_DEVIATION,CRITICAL,2017-08-15,2017-09-12,29,-8.403105005034426,HIGH,устойчивое снижение зелёной биомассы относительно сезонной нормы,"{""ndvi_min_z"": -8.403105005034426, ""water_z"": 2.1173016104064124, ""precip_z"": 0.8093673544073545, ""temp_z"": 0.19462096609533563, ""observed_points"": 5}"
AOI-0054,NEGATIVE_DEVIATION,CRITICAL,2018-06-22,2018-07-01,10,-7.517286101006703,HIGH,устойчивое снижение зелёной биомассы относительно сезонной нормы,"{""ndvi_min_z"": -7.517286101006703, ""water_z"": 1.1381161935110777, ""precip_z"": -0.28104677912681475, ""temp_z"": 1.6541406066107787, ""observed_points"": 4}"
AOI-0054,NEGATIVE_DEVIATION,CRITICAL,2018-07-10,2018-07-27,18,-3.7203297811535485,HIGH,устойчивое снижение зелёной биомассы относительно сезонной нормы,"{""ndvi_min_z"": -3.7203297811535485, ""water_z"": 1.985022422668311, ""precip_z"": 1.1810389635640133, ""temp_z"": 0.40619872285485037, ""observed_points"": 4}"
AOI-0054,NEGATIVE_DEVIATION,STRESSED,2018-08-13,2018-08-18,6,-1.89481360380253,LOW,устойчивое снижение зелёной биомассы относительно сезонной нормы,"{""ndvi_min_z"": -1.89481360380253, ""water_z"": 1.3373005417887125, ""precip_z"": -0.20660152378315433, ""temp_z"": 0.32427206726194086, ""observed_points"": 2}"
AOI-0054,NEGATIVE_DEVIATION,CRITICAL,2019-09-15,2019-09-28,14,-5.444052598364989,MEDIUM,устойчивое снижение зелёной биомассы относительно сезонной нормы,"{""ndvi_min_z"": -5.444052598364989, ""water_z"": 3.1974170928117513, ""precip_z"": 0.7081258284655658, ""temp_z"": -1.3388150927796953, ""observed_points"": 2}"
AOI-0054,NEGATIVE_DEVIATION,CRITICAL,2020-10-09,2020-10-30,22,-5.925129951164856,MEDIUM,устойчивое снижение зелёной биомассы относительно сезонной нормы,"{""ndvi_min_z"": -5.925129951164856, ""water_z"": 2.957086398605661, ""precip_z"": -0.23984242392017813, ""temp_z"": 1.465305013259055, ""observed_points"": 2}"
AOI-0054,NEGATIVE_DEVIATION,STRESSED,2021-04-06,2021-04-21,16,-1.8176437430164318,LOW,устойчивое снижение зелёной биомассы относительно сезонной нормы,"{""ndvi_min_z"": -1.8176437430164318, ""water_z"": 1.226919544796105, ""precip_z"": 1.884392396753757, ""temp_z"": -0.16201788271521522, ""observed_points"": 2}"
AOI-0054,NEGATIVE_DEVIATION,CRITICAL,2021-05-14,2021-05-20,7,-3.3728827000701154,MEDIUM,устойчивое снижение зелёной биомассы относительно сезонной нормы,"{""ndvi_min_z"": -3.3728827000701154, ""water_z"": 0.9103884471598138, ""precip_z"": 0.700920781109172, ""temp_z"": 1.2136136911317001, ""observed_points"": 2}"
AOI-0054,NEGATIVE_DEVIATION,CRITICAL,2022-09-11,2022-09-25,15,-5.1300302128876885,MEDIUM,устойчивое снижение зелёной биомассы относительно сезонной нормы,"{""ndvi_min_z"": -5.1300302128876885, ""water_z"": 4.3490504940006005, ""precip_z"": 1.3992590914810228, ""temp_z"": -0.706383033415966, ""observed_points"": 2}"
AOI-0057,NEGATIVE_DEVIATION,CRITICAL,2010-04-07,2010-06-02,9,-2.712144738444145,HIGH,устойчивое снижение зелёной биомассы относительно сезонной нормы,"{""ndvi_min_z"": -2.712144738444145, ""water_z"": 1.1207514632915034, ""observed_points"": 5}"
AOI-0057,NEGATIVE_DEVIATION,STRESSED,2012-04-04,2012-05-13,7,-1.8571956508106402,MEDIUM,устойчивое снижение зелёной биомассы относительно сезонной нормы,"{""ndvi_min_z"": -1.8571956508106402, ""water_z"": 1.198516699007632, ""observed_points"": 7}"
AOI-0057,NEGATIVE_DEVIATION,CRITICAL,2013-06-09,2013-06-26,5,-2.4482731753303666,HIGH,устойчивое снижение зелёной биомассы относительно сезонной нормы,"{""ndvi_min_z"": -2.4482731753303666, ""water_z"": 1.2650283932550042, ""observed_points"": 5}"
AOI-0057,NEGATIVE_DEVIATION,CRITICAL,2017-04-16,2017-05-06,8,-2.1192914375212135,HIGH,устойчивое снижение зелёной биомассы относительно сезонной нормы,"{""ndvi_min_z"": -2.1192914375212135, ""water_z"": 1.1628656461654205, ""observed_points"": 6}"
AOI-0057,NEGATIVE_DEVIATION,STRESSED,2017-05-12,2017-05-19,2,-1.6357697877964752,LOW,устойчивое снижение зелёной биомассы относительно сезонной нормы,"{""ndvi_min_z"": -1.6357697877964752, ""water_z"": 1.3170942256331326, ""observed_points"": 2}"
AOI-0057,NEGATIVE_DEVIATION,CRITICAL,2018-06-10,2018-06-20,4,-2.265439696147674,HIGH,устойчивое снижение зелёной биомассы относительно сезонной нормы,"{""ndvi_min_z"": -2.265439696147674, ""water_z"": 1.5676791530736116, ""observed_points"": 4}"
AOI-0057,NEGATIVE_DEVIATION,CRITICAL,2019-04-07,2019-05-21,15,-2.632898998944148,HIGH,устойчивое снижение зелёной биомассы относительно сезонной нормы,"{""ndvi_min_z"": -2.632898998944148, ""water_z"": 1.1315608976889204, ""observed_points"": 10}"
AOI-0057,NEGATIVE_DEVIATION,CRITICAL,2020-04-09,2020-06-05,21,-3.5626067388217404,HIGH,устойчивое снижение зелёной биомассы относительно сезонной нормы,"{""ndvi_min_z"": -3.5626067388217404, ""water_z"": 1.811088517408138, ""observed_points"": 20}"
AOI-0057,NEGATIVE_DEVIATION,STRESSED,2020-08-13,2020-08-18,4,-1.2813153752454824,MEDIUM,устойчивое снижение зелёной биомассы относительно сезонной нормы,"{""ndvi_min_z"": -1.2813153752454824, ""water_z"": 0.8915853785905139, ""observed_points"": 3}"
AOI-0057,NEGATIVE_DEVIATION,CRITICAL,2020-10-17,2020-10-26,2,-2.086993559434349,MEDIUM,устойчивое снижение зелёной биомассы относительно сезонной нормы,"{""ndvi_min_z"": -2.086993559434349, ""water_z"": 2.0419380309493214, ""observed_points"": 2}"
AOI-0057,NEGATIVE_DEVIATION,CRITICAL,2022-05-26,2022-06-19,9,-4.786620496336708,HIGH,устойчивое снижение зелёной биомассы относительно сезонной нормы,"{""ndvi_min_z"": -4.786620496336708, ""water_z"": 3.143009178398784, ""observed_points"": 8}"
AOI-0057,NEGATIVE_DEVIATION,STRESSED,2024-04-09,2024-05-07,6,-1.8652149413125878,MEDIUM,устойчивое снижение зелёной биомассы относительно сезонной нормы,"{""ndvi_min_z"": -1.8652149413125878, ""water_z"": 0.398590841719061, ""observed_points"": 3}"
AOI-0057,NEGATIVE_DEVIATION,CRITICAL,2024-05-09,2024-05-22,3,-2.330847420966962,MEDIUM,устойчивое снижение зелёной биомассы относительно сезонной нормы,"{""ndvi_min_z"": -2.330847420966962, ""water_z"": 1.5318703275532752, ""observed_points"": 2}"
AOI-0066,NEGATIVE_DEVIATION,CRITICAL,2010-04-04,2010-06-07,65,-3.4395999612529633,HIGH,устойчивое снижение зелёной биомассы относительно сезонной нормы,"{""ndvi_min_z"": -3.4395999612529633, ""water_z"": 2.0188245527324615, ""precip_z"": -0.01531547830377081, ""temp_z"": 0.08710617124202416, ""observed_points"": 8}"
AOI-0066,NEGATIVE_DEVIATION,CRITICAL,2013-04-10,2013-06-14,66,-2.838817602125288,HIGH,устойчивое снижение зелёной биомассы относительно сезонной нормы,"{""ndvi_min_z"": -2.838817602125288, ""water_z"": 1.7238592242640816, ""precip_z"": -0.27627498169602227, ""temp_z"": 0.34933671576443076, ""observed_points"": 6}"
AOI-0066,NEGATIVE_DEVIATION,STRESSED,2017-08-06,2017-08-11,6,-1.3850030557179407,MEDIUM,устойчивое снижение зелёной биомассы относительно сезонной нормы,"{""ndvi_min_z"": -1.3850030557179407, ""water_z"": 0.6950067192887016, ""precip_z"": -0.08459963039197807, ""temp_z"": 1.4194113561931694, ""observed_points"": 3}"
AOI-0066,NEGATIVE_DEVIATION,CRITICAL,2018-04-01,2018-05-21,51,-2.501564430144165,HIGH,устойчивое снижение зелёной биомассы относительно сезонной нормы,"{""ndvi_min_z"": -2.501564430144165, ""water_z"": 2.018748214544777, ""precip_z"": -0.3707535785726179, ""temp_z"": 0.5291584573132369, ""observed_points"": 9}"
AOI-0066,NEGATIVE_DEVIATION,STRESSED,2019-06-17,2019-06-25,9,-1.8911867139161989,MEDIUM,"сигналы совместимы с жарким/сухим периодом; это гипотеза, а не диагноз","{""ndvi_min_z"": -1.8911867139161989, ""water_z"": 0.9053482278115687, ""precip_z"": -0.8415929891124373, ""temp_z"": 1.8253318501732436, ""observed_points"": 2}"
AOI-0066,NEGATIVE_DEVIATION,CRITICAL,2019-08-24,2019-08-31,8,-2.4954945806195825,HIGH,устойчивое снижение зелёной биомассы относительно сезонной нормы,"{""ndvi_min_z"": -2.4954945806195825, ""water_z"": 0.30747475478737873, ""precip_z"": 0.20796387009303585, ""temp_z"": 0.31327841104635584, ""observed_points"": 3}"
AOI-0066,NEGATIVE_DEVIATION,CRITICAL,2020-05-30,2020-06-20,22,-2.3484491116388337,HIGH,устойчивое снижение зелёной биомассы относительно сезонной нормы,"{""ndvi_min_z"": -2.3484491116388337, ""water_z"": 1.5612796785392173, ""precip_z"": 1.0257071571079384, ""temp_z"": -0.39719565282614516, ""observed_points"": 3}"
AOI-0066,NEGATIVE_DEVIATION,CRITICAL,2021-04-01,2021-05-24,54,-3.9317724586314213,HIGH,устойчивое снижение зелёной биомассы относительно сезонной нормы,"{""ndvi_min_z"": -3.9317724586314213, ""water_z"": 2.0027277284210006, ""precip_z"": 1.099813488378595, ""temp_z"": 0.07862094018651912, ""observed_points"": 16}"
AOI-0066,NEGATIVE_DEVIATION,CRITICAL,2021-05-26,2021-06-07,13,-3.438065230378687,HIGH,устойчивое снижение зелёной биомассы относительно сезонной нормы,"{""ndvi_min_z"": -3.438065230378687, ""water_z"": 2.4164936701400284, ""precip_z"": 0.8913554198053949, ""temp_z"": -0.7549092101775423, ""observed_points"": 3}"
AOI-0066,NEGATIVE_DEVIATION,CRITICAL,2022-08-10,2022-08-16,7,-2.2616914672348383,HIGH,устойчивое снижение зелёной биомассы относительно сезонной нормы,"{""ndvi_min_z"": -2.2616914672348383, ""water_z"": 0.04887742499206715, ""precip_z"": 0.05724760354543227, ""temp_z"": 0.7355338317965395, ""observed_points"": 3}"
AOI-0066,NEGATIVE_DEVIATION,STRESSED,2023-04-10,2023-04-29,20,-1.5865834645805377,MEDIUM,устойчивое снижение зелёной биомассы относительно сезонной нормы,"{""ndvi_min_z"": -1.5865834645805377, ""water_z"": 1.461935657131265, ""precip_z"": 1.0796599268303018, ""temp_z"": 0.03395507195893175, ""observed_points"": 3}"
AOI-0066,NEGATIVE_DEVIATION,CRITICAL,2023-09-12,2023-09-17,6,-2.1360513496217046,HIGH,устойчивое снижение зелёной биомассы относительно сезонной нормы,"{""ndvi_min_z"": -2.1360513496217046, ""water_z"": -0.04629872643277652, ""precip_z"": -0.2414728368641982, ""temp_z"": -1.0775427774323414, ""observed_points"": 3}"
AOI-0066,NEGATIVE_DEVIATION,STRESSED,2024-07-23,2024-07-28,6,-1.6690878341097213,MEDIUM,устойчивое снижение зелёной биомассы относительно сезонной нормы,"{""ndvi_min_z"": -1.6690878341097213, ""water_z"": 0.927681206469328, ""precip_z"": 1.1961375614790253, ""temp_z"": -0.6883083105963528, ""observed_points"": 3}"
AOI-0066,NEGATIVE_DEVIATION,CRITICAL,2024-08-09,2024-08-15,7,-2.1298035492284804,MEDIUM,устойчивое снижение зелёной биомассы относительно сезонной нормы,"{""ndvi_min_z"": -2.1298035492284804, ""water_z"": 0.5829315253636878, ""precip_z"": -0.054950032833734924, ""temp_z"": -0.9682925036638084, ""observed_points"": 2}"
AOI-0066,NEGATIVE_DEVIATION,CRITICAL,2024-08-24,2024-09-03,11,-2.104418843793039,HIGH,устойчивое снижение зелёной биомассы относительно сезонной нормы,"{""ndvi_min_z"": -2.104418843793039, ""water_z"": 0.2301518707517105, ""precip_z"": 0.24539225962239133, ""temp_z"": 0.7712323170933347, ""observed_points"": 5}"
AOI-0066,NEGATIVE_DEVIATION,CRITICAL,2024-09-05,2024-09-16,12,-2.3368206469307844,HIGH,устойчивое снижение зелёной биомассы относительно сезонной нормы,"{""ndvi_min_z"": -2.3368206469307844, ""water_z"": 0.47879105986383597, ""precip_z"": -0.2657798371789799, ""temp_z"": 1.1157694525624782, ""observed_points"": 4}"
AOI-0072,NEGATIVE_DEVIATION,STRESSED,2011-05-14,2011-05-28,15,-1.330404265869356,LOW,устойчивое снижение зелёной биомассы относительно сезонной нормы,"{""ndvi_min_z"": -1.330404265869356, ""water_z"": 0.7033941547701271, ""precip_z"": 0.29379960358120105, ""temp_z"": 0.23099414490383816, ""observed_points"": 2}"
AOI-0072,NEGATIVE_DEVIATION,CRITICAL,2012-08-27,2012-09-04,9,-2.4211789335063583,MEDIUM,устойчивое снижение зелёной биомассы относительно сезонной нормы,"{""ndvi_min_z"": -2.4211789335063583, ""water_z"": 1.2648684540675001, ""precip_z"": 0.9445628162634281, ""temp_z"": -1.408930354828011, ""observed_points"": 2}"
AOI-0072,NEGATIVE_DEVIATION,CRITICAL,2012-09-07,2012-10-03,27,-2.050015986196351,HIGH,устойчивое снижение зелёной биомассы относительно сезонной нормы,"{""ndvi_min_z"": -2.050015986196351, ""water_z"": 1.0756127868200502, ""precip_z"": -0.21411328658834433, ""temp_z"": 0.6496894838203712, ""observed_points"": 3}"
AOI-0072,NEGATIVE_DEVIATION,STRESSED,2013-05-09,2013-05-26,18,-1.4897729362057965,MEDIUM,устойчивое снижение зелёной биомассы относительно сезонной нормы,"{""ndvi_min_z"": -1.4897729362057965, ""water_z"": 0.6467339177208412, ""precip_z"": -0.37515688253119994, ""temp_z"": 1.361929683999861, ""observed_points"": 3}"
AOI-0072,NEGATIVE_DEVIATION,STRESSED,2015-05-18,2015-06-05,19,-1.8859796888742255,MEDIUM,устойчивое снижение зелёной биомассы относительно сезонной нормы,"{""ndvi_min_z"": -1.8859796888742255, ""water_z"": 0.7733896900359024, ""precip_z"": -0.2419279504472483, ""temp_z"": 0.39101723909152186, ""observed_points"": 3}"
AOI-0072,NEGATIVE_DEVIATION,STRESSED,2017-05-16,2017-05-31,16,-1.6668922334923757,MEDIUM,устойчивое снижение зелёной биомассы относительно сезонной нормы,"{""ndvi_min_z"": -1.6668922334923757, ""water_z"": 0.8174182007958588, ""precip_z"": -0.023848744397172345, ""temp_z"": -1.138509559206677, ""observed_points"": 3}"
AOI-0072,NEGATIVE_DEVIATION,STRESSED,2018-09-11,2018-09-21,11,-1.8272751144542434,MEDIUM,устойчивое снижение зелёной биомассы относительно сезонной нормы,"{""ndvi_min_z"": -1.8272751144542434, ""water_z"": 1.0213508486708274, ""precip_z"": 0.7858185394313745, ""temp_z"": 0.6982632177274545, ""observed_points"": 3}"
AOI-0072,NEGATIVE_DEVIATION,STRESSED,2019-05-17,2019-05-24,8,-1.3589442056283543,MEDIUM,устойчивое снижение зелёной биомассы относительно сезонной нормы,"{""ndvi_min_z"": -1.3589442056283543, ""water_z"": 0.8069431316551909, ""precip_z"": -0.08192695282094604, ""temp_z"": -0.15776692169833803, ""observed_points"": 3}"
AOI-0072,NEGATIVE_DEVIATION,STRESSED,2019-05-26,2019-06-03,9,-1.61975630635188,LOW,устойчивое снижение зелёной биомассы относительно сезонной нормы,"{""ndvi_min_z"": -1.61975630635188, ""water_z"": 0.8142173332841492, ""precip_z"": 0.10398048042770651, ""temp_z"": 1.2280203329181452, ""observed_points"": 2}"
AOI-0072,NEGATIVE_DEVIATION,STRESSED,2020-09-07,2020-09-13,7,-1.9984583016023352,MEDIUM,устойчивое снижение зелёной биомассы относительно сезонной нормы,"{""ndvi_min_z"": -1.9984583016023352, ""water_z"": 0.4520503630839953, ""precip_z"": -0.37508627629592484, ""temp_z"": 0.7895323227291946, ""observed_points"": 4}"
AOI-0072,NEGATIVE_DEVIATION,CRITICAL,2021-07-30,2021-08-07,9,-2.103240888047556,MEDIUM,устойчивое снижение зелёной биомассы относительно сезонной нормы,"{""ndvi_min_z"": -2.103240888047556, ""water_z"": 4.393415190012967, ""precip_z"": -0.20761807434783003, ""temp_z"": 0.650617192642735, ""observed_points"": 2}"
AOI-0072,NEGATIVE_DEVIATION,STRESSED,2022-05-09,2022-06-02,25,-1.647576449380777,MEDIUM,устойчивое снижение зелёной биомассы относительно сезонной нормы,"{""ndvi_min_z"": -1.647576449380777, ""water_z"": 0.9931804422766098, ""precip_z"": -0.31221991637334834, ""temp_z"": -0.6068826300734288, ""observed_points"": 7}"
AOI-0072,NEGATIVE_DEVIATION,CRITICAL,2024-05-09,2024-05-30,22,-2.0576956826703023,HIGH,устойчивое снижение зелёной биомассы относительно сезонной нормы,"{""ndvi_min_z"": -2.0576956826703023, ""water_z"": 0.8969384332331498, ""precip_z"": -0.6877948602064852, ""temp_z"": -0.557364169616831, ""observed_points"": 4}"
AOI-0072,NEGATIVE_DEVIATION,STRESSED,2024-06-10,2024-06-15,6,-1.2774119940029185,LOW,устойчивое снижение зелёной биомассы относительно сезонной нормы,"{""ndvi_min_z"": -1.2774119940029185, ""water_z"": 0.9070850544440126, ""precip_z"": 0.12147925688286249, ""temp_z"": 0.8282653502345845, ""observed_points"": 2}"
AOI-0072,NEGATIVE_DEVIATION,STRESSED,2024-06-20,2024-06-25,6,-1.3929008358970536,LOW,устойчивое снижение зелёной биомассы относительно сезонной нормы,"{""ndvi_min_z"": -1.3929008358970536, ""water_z"": 0.4851619240155042, ""precip_z"": -0.27085500371232546, ""temp_z"": -0.42789887660704834, ""observed_points"": 2}"
AOI-0072,NEGATIVE_DEVIATION,STRESSED,2024-07-05,2024-07-10,6,-1.8389396082806218,LOW,устойчивое снижение зелёной биомассы относительно сезонной нормы,"{""ndvi_min_z"": -1.8389396082806218, ""water_z"": 1.0587991708964446, ""precip_z"": -0.35543708205375757, ""temp_z"": 1.485683731069333, ""observed_points"": 2}"
AOI-0072,NEGATIVE_DEVIATION,STRESSED,2024-08-12,2024-08-17,6,-1.4532233528777885,MEDIUM,устойчивое снижение зелёной биомассы относительно сезонной нормы,"{""ndvi_min_z"": -1.4532233528777885, ""water_z"": 0.15039884808623294, ""precip_z"": -0.025329944637455085, ""temp_z"": -1.682818323241031, ""observed_points"": 3}"
AOI-0078,NEGATIVE_DEVIATION,STRESSED,2010-07-26,2010-08-04,10,-1.3983517170593587,LOW,устойчивое снижение зелёной биомассы относительно сезонной нормы,"{""ndvi_min_z"": -1.3983517170593587, ""water_z"": 0.7438177635114979, ""precip_z"": -0.3499976515398606, ""temp_z"": 2.3295326803096836, ""observed_points"": 2}"
AOI-0078,NEGATIVE_DEVIATION,STRESSED,2011-04-26,2011-05-03,8,-1.2628286234569401,LOW,устойчивое снижение зелёной биомассы относительно сезонной нормы,"{""ndvi_min_z"": -1.2628286234569401, ""water_z"": 1.3538717447019595, ""precip_z"": -0.4689508429233203, ""temp_z"": 0.015203275248366805, ""observed_points"": 2}"
AOI-0078,NEGATIVE_DEVIATION,STRESSED,2011-05-12,2011-05-23,12,-1.6469551160789546,MEDIUM,устойчивое снижение зелёной биомассы относительно сезонной нормы,"{""ndvi_min_z"": -1.6469551160789546, ""water_z"": 1.4365799160941926, ""precip_z"": 0.13454410422553803, ""temp_z"": 0.1628006885966812, ""observed_points"": 3}"
AOI-0078,NEGATIVE_DEVIATION,CRITICAL,2011-05-26,2011-06-04,10,-2.705990470866268,MEDIUM,устойчивое снижение зелёной биомассы относительно сезонной нормы,"{""ndvi_min_z"": -2.705990470866268, ""water_z"": 1.2869025505163463, ""precip_z"": -0.769257070153543, ""temp_z"": 0.1961623435974792, ""observed_points"": 2}"
AOI-0078,NEGATIVE_DEVIATION,STRESSED,2013-06-06,2013-06-11,6,-1.6245946970344471,LOW,устойчивое снижение зелёной биомассы относительно сезонной нормы,"{""ndvi_min_z"": -1.6245946970344471, ""water_z"": 1.006900939648044, ""precip_z"": 1.5874059622605738, ""temp_z"": -0.006219253042747258, ""observed_points"": 2}"
AOI-0078,NEGATIVE_DEVIATION,STRESSED,2013-06-18,2013-06-30,13,-1.7489650963733991,LOW,устойчивое снижение зелёной биомассы относительно сезонной нормы,"{""ndvi_min_z"": -1.7489650963733991, ""water_z"": 0.7009178986478994, ""precip_z"": 0.11970666129074384, ""temp_z"": -0.6162427377943784, ""observed_points"": 2}"
AOI-0078,NEGATIVE_DEVIATION,STRESSED,2015-07-31,2015-08-11,12,-1.6361930702373497,MEDIUM,устойчивое снижение зелёной биомассы относительно сезонной нормы,"{""ndvi_min_z"": -1.6361930702373497, ""water_z"": 1.0930324501297108, ""precip_z"": -0.39371337641154946, ""temp_z"": -0.1795718469459243, ""observed_points"": 3}"
AOI-0078,NEGATIVE_DEVIATION,CRITICAL,2017-05-24,2017-06-21,29,-3.2222181883865937,HIGH,устойчивое снижение зелёной биомассы относительно сезонной нормы,"{""ndvi_min_z"": -3.2222181883865937, ""water_z"": 1.6710466834787685, ""precip_z"": 0.22622421019766858, ""temp_z"": -1.0324836098513686, ""observed_points"": 6}"
AOI-0078,NEGATIVE_DEVIATION,STRESSED,2018-07-10,2018-07-18,9,-1.7274257976830363,LOW,устойчивое снижение зелёной биомассы относительно сезонной нормы,"{""ndvi_min_z"": -1.7274257976830363, ""water_z"": 1.1300151162160843, ""precip_z"": 1.3788341489592724, ""temp_z"": -0.053909200610482294, ""observed_points"": 2}"
AOI-0078,NEGATIVE_DEVIATION,STRESSED,2019-04-24,2019-05-07,14,-1.5195776308137643,MEDIUM,устойчивое снижение зелёной биомассы относительно сезонной нормы,"{""ndvi_min_z"": -1.5195776308137643, ""water_z"": 1.358564851488311, ""precip_z"": 0.9784366180417008, ""temp_z"": 0.19865052615022266, ""observed_points"": 3}"
AOI-0078,NEGATIVE_DEVIATION,CRITICAL,2019-05-11,2019-05-24,14,-3.5158252265037238,HIGH,устойчивое снижение зелёной биомассы относительно сезонной нормы,"{""ndvi_min_z"": -3.5158252265037238, ""water_z"": 1.5995991439115813, ""precip_z"": 1.1456934017213845, ""temp_z"": 0.005911059600484906, ""observed_points"": 5}"
AOI-0078,NEGATIVE_DEVIATION,CRITICAL,2019-05-27,2019-06-02,7,-2.118462132725074,MEDIUM,устойчивое снижение зелёной биомассы относительно сезонной нормы,"{""ndvi_min_z"": -2.118462132725074, ""water_z"": 1.7211729867146817, ""precip_z"": 2.07847851821878, ""temp_z"": 1.0589010001685382, ""observed_points"": 2}"
AOI-0078,NEGATIVE_DEVIATION,STRESSED,2020-06-25,2020-07-10,16,-1.980710960536617,MEDIUM,устойчивое снижение зелёной биомассы относительно сезонной нормы,"{""ndvi_min_z"": -1.980710960536617, ""water_z"": 1.164900288302063, ""precip_z"": -0.352918167728422, ""temp_z"": 0.6787076650793824, ""observed_points"": 6}"
AOI-0078,NEGATIVE_DEVIATION,CRITICAL,2020-07-12,2020-08-16,36,-2.2148833066412137,HIGH,устойчивое снижение зелёной биомассы относительно сезонной нормы,"{""ndvi_min_z"": -2.2148833066412137, ""water_z"": 1.509439395396734, ""precip_z"": 0.06423774275707307, ""temp_z"": -0.740623183860504, ""observed_points"": 12}"
AOI-0078,NEGATIVE_DEVIATION,CRITICAL,2020-08-23,2020-08-31,9,-2.0044304174975403,HIGH,устойчивое снижение зелёной биомассы относительно сезонной нормы,"{""ndvi_min_z"": -2.0044304174975403, ""water_z"": 1.2120673116729206, ""precip_z"": -0.2797122206853128, ""temp_z"": -0.1134963955347503, ""observed_points"": 4}"
AOI-0078,NEGATIVE_DEVIATION,STRESSED,2020-09-02,2020-09-07,6,-1.1731513483766167,LOW,устойчивое снижение зелёной биомассы относительно сезонной нормы,"{""ndvi_min_z"": -1.1731513483766167, ""water_z"": 1.1419719370110764, ""precip_z"": -0.23057675611640094, ""temp_z"": 1.4131736871140803, ""observed_points"": 2}"
AOI-0078,NEGATIVE_DEVIATION,STRESSED,2021-04-30,2021-05-07,8,-1.1866407764533204,MEDIUM,устойчивое снижение зелёной биомассы относительно сезонной нормы,"{""ndvi_min_z"": -1.1866407764533204, ""water_z"": 1.0901378231302845, ""precip_z"": 0.21701621447666158, ""temp_z"": -0.19333673470502044, ""observed_points"": 3}"
AOI-0078,NEGATIVE_DEVIATION,STRESSED,2022-07-07,2022-07-19,13,-1.9393162503322048,MEDIUM,устойчивое снижение зелёной биомассы относительно сезонной нормы,"{""ndvi_min_z"": -1.9393162503322048, ""water_z"": 0.5114104408668024, ""precip_z"": -0.23586597938128953, ""temp_z"": -0.23653308162246567, ""observed_points"": 4}"
AOI-0078,NEGATIVE_DEVIATION,STRESSED,2022-07-22,2022-08-10,20,-1.9581183680626213,MEDIUM,устойчивое снижение зелёной биомассы относительно сезонной нормы,"{""ndvi_min_z"": -1.9581183680626213, ""water_z"": 1.195628119211498, ""precip_z"": 0.31288792560356227, ""temp_z"": -0.10436108346313813, ""observed_points"": 5}"
AOI-0078,NEGATIVE_DEVIATION,STRESSED,2023-07-30,2023-08-16,18,-1.918865094120259,MEDIUM,устойчивое снижение зелёной биомассы относительно сезонной нормы,"{""ndvi_min_z"": -1.918865094120259, ""water_z"": 0.9165236141110491, ""precip_z"": 0.15891420244799848, ""temp_z"": 0.2605667139598231, ""observed_points"": 6}"
AOI-0078,NEGATIVE_DEVIATION,CRITICAL,2024-06-09,2024-07-16,38,-3.3162236647783985,HIGH,устойчивое снижение зелёной биомассы относительно сезонной нормы,"{""ndvi_min_z"": -3.3162236647783985, ""water_z"": 1.2000777773872096, ""precip_z"": -0.08309004642012902, ""temp_z"": 0.9782467039753459, ""observed_points"": 10}"
AOI-0078,NEGATIVE_DEVIATION,STRESSED,2024-07-28,2024-08-03,7,-1.702260071413875,MEDIUM,устойчивое снижение зелёной биомассы относительно сезонной нормы,"{""ndvi_min_z"": -1.702260071413875, ""water_z"": 1.2530425986947327, ""precip_z"": -0.3448981776093787, ""temp_z"": -0.47744474146200805, ""observed_points"": 3}"
AOI-0005,PHENOLOGY_SHIFT,INFO,2015-01-01,2015-12-31,213,,HIGH,сезонная кривая сдвинута примерно на 10 дней позже исторического сценария,"{""lag_days"": 10, ""shape_corr"": 0.9474860507007934, ""unshifted_corr"": 0.8887334753581613}"
AOI-0005,PHENOLOGY_SHIFT,INFO,2017-01-01,2017-12-31,213,,MEDIUM,сезонная кривая сдвинута примерно на 15 дней позже исторического сценария,"{""lag_days"": 15, ""shape_corr"": 0.78484288566699, ""unshifted_corr"": 0.6653964300003518}"
AOI-0005,PHENOLOGY_SHIFT,INFO,2018-01-01,2018-12-31,213,,HIGH,сезонная кривая сдвинута примерно на 10 дней раньше исторического сценария,"{""lag_days"": -10, ""shape_corr"": 0.9168960532468977, ""unshifted_corr"": 0.8639381463004615}"
AOI-0005,PHENOLOGY_SHIFT,INFO,2020-01-01,2020-12-31,213,,HIGH,сезонная кривая сдвинута примерно на 15 дней позже исторического сценария,"{""lag_days"": 15, ""shape_corr"": 0.9557395417108686, ""unshifted_corr"": 0.8269127622004853}"
AOI-0005,PHENOLOGY_SHIFT,INFO,2024-01-01,2024-12-31,213,,HIGH,сезонная кривая сдвинута примерно на 15 дней раньше исторического сценария,"{""lag_days"": -15, ""shape_corr"": 0.916478164157194, ""unshifted_corr"": 0.8576819818618875}"
AOI-0006,PHENOLOGY_SHIFT,INFO,2010-01-01,2010-12-31,32,,HIGH,сезонная кривая сдвинута примерно на 15 дней раньше исторического сценария,"{""lag_days"": -15, ""shape_corr"": 0.9418438542156915, ""unshifted_corr"": 0.860685259925362}"
AOI-0006,PHENOLOGY_SHIFT,INFO,2012-01-01,2012-12-31,25,,HIGH,сезонная кривая сдвинута примерно на 15 дней раньше исторического сценария,"{""lag_days"": -15, ""shape_corr"": 0.9326847805923325, ""unshifted_corr"": 0.7972075908461119}"
AOI-0006,PHENOLOGY_SHIFT,INFO,2014-01-01,2014-12-31,35,,HIGH,сезонная кривая сдвинута примерно на 15 дней раньше исторического сценария,"{""lag_days"": -15, ""shape_corr"": 0.9034634126579971, ""unshifted_corr"": 0.7212183194020615}"
AOI-0006,PHENOLOGY_SHIFT,INFO,2019-01-01,2019-12-31,57,,MEDIUM,сезонная кривая сдвинута примерно на 15 дней раньше исторического сценария,"{""lag_days"": -15, ""shape_corr"": 0.887719001007876, ""unshifted_corr"": 0.7591242259335478}"
AOI-0006,PHENOLOGY_SHIFT,INFO,2021-01-01,2021-12-31,56,,MEDIUM,сезонная кривая сдвинута примерно на 15 дней раньше исторического сценария,"{""lag_days"": -15, ""shape_corr"": 0.8705006953617747, ""unshifted_corr"": 0.8065625199548005}"
AOI-0006,PHENOLOGY_SHIFT,INFO,2024-01-01,2024-12-31,58,,MEDIUM,сезонная кривая сдвинута примерно на 15 дней раньше исторического сценария,"{""lag_days"": -15, ""shape_corr"": 0.8908450246369435, ""unshifted_corr"": 0.7520302981686988}"
AOI-0012,PHENOLOGY_SHIFT,INFO,2017-01-01,2017-12-31,54,,HIGH,сезонная кривая сдвинута примерно на 15 дней позже исторического сценария,"{""lag_days"": 15, ""shape_corr"": 0.9678036826066838, ""unshifted_corr"": 0.912603249584319}"
AOI-0016,PHENOLOGY_SHIFT,INFO,2014-01-01,2014-12-31,46,,MEDIUM,сезонная кривая сдвинута примерно на 15 дней раньше исторического сценария,"{""lag_days"": -15, ""shape_corr"": 0.7638551899934962, ""unshifted_corr"": 0.7124948870762522}"
AOI-0018,PHENOLOGY_SHIFT,INFO,2010-01-01,2010-12-31,213,,HIGH,сезонная кривая сдвинута примерно на 15 дней позже исторического сценария,"{""lag_days"": 15, ""shape_corr"": 0.9060820989127827, ""unshifted_corr"": 0.7123291848528251}"
AOI-0018,PHENOLOGY_SHIFT,INFO,2012-01-01,2012-12-31,213,,MEDIUM,сезонная кривая сдвинута примерно на 10 дней позже исторического сценария,"{""lag_days"": 10, ""shape_corr"": 0.7826764480828954, ""unshifted_corr"": 0.7211521491890693}"
AOI-0018,PHENOLOGY_SHIFT,INFO,2021-01-01,2021-12-31,213,,MEDIUM,сезонная кривая сдвинута примерно на 15 дней раньше исторического сценария,"{""lag_days"": -15, ""shape_corr"": 0.8217417875830993, ""unshifted_corr"": 0.7049052439823208}"
AOI-0018,PHENOLOGY_SHIFT,INFO,2023-01-01,2023-12-31,213,,MEDIUM,сезонная кривая сдвинута примерно на 15 дней раньше исторического сценария,"{""lag_days"": -15, ""shape_corr"": 0.8271124610295068, ""unshifted_corr"": 0.6324202451270079}"
AOI-0018,PHENOLOGY_SHIFT,INFO,2024-01-01,2024-12-31,213,,MEDIUM,сезонная кривая сдвинута примерно на 15 дней позже исторического сценария,"{""lag_days"": 15, ""shape_corr"": 0.8660381996725227, ""unshifted_corr"": 0.6966237197787815}"
AOI-0024,PHENOLOGY_SHIFT,INFO,2015-01-01,2015-12-31,213,,HIGH,сезонная кривая сдвинута примерно на 10 дней раньше исторического сценария,"{""lag_days"": -10, ""shape_corr"": 0.9407836690352027, ""unshifted_corr"": 0.8635156759226749}"
AOI-0024,PHENOLOGY_SHIFT,INFO,2022-01-01,2022-12-31,213,,MEDIUM,сезонная кривая сдвинута примерно на 10 дней раньше исторического сценария,"{""lag_days"": -10, ""shape_corr"": 0.8790105409206059, ""unshifted_corr"": 0.8278647638548117}"
AOI-0024,PHENOLOGY_SHIFT,INFO,2024-01-01,2024-12-31,213,,HIGH,сезонная кривая сдвинута примерно на 15 дней раньше исторического сценария,"{""lag_days"": -15, ""shape_corr"": 0.9464899691467432, ""unshifted_corr"": 0.7736437981377259}"
AOI-0025,PHENOLOGY_SHIFT,INFO,2012-01-01,2012-12-31,22,,HIGH,сезонная кривая сдвинута примерно на 15 дней раньше исторического сценария,"{""lag_days"": -15, ""shape_corr"": 0.9659701346410028, ""unshifted_corr"": 0.8168627031155247}"
AOI-0025,PHENOLOGY_SHIFT,INFO,2016-01-01,2016-12-31,26,,HIGH,сезонная кривая сдвинута примерно на 10 дней раньше исторического сценария,"{""lag_days"": -10, ""shape_corr"": 0.9648381761619221, ""unshifted_corr"": 0.9046995907128434}"
AOI-0025,PHENOLOGY_SHIFT,INFO,2021-01-01,2021-12-31,51,,HIGH,сезонная кривая сдвинута примерно на 15 дней позже исторического сценария,"{""lag_days"": 15, ""shape_corr"": 0.9015041511249459, ""unshifted_corr"": 0.789119237430479}"
AOI-0029,PHENOLOGY_SHIFT,INFO,2012-01-01,2012-12-31,213,,MEDIUM,сезонная кривая сдвинута примерно на 15 дней позже исторического сценария,"{""lag_days"": 15, ""shape_corr"": 0.8011868413941348, ""unshifted_corr"": 0.49759820511422936}"
AOI-0029,PHENOLOGY_SHIFT,INFO,2013-01-01,2013-12-31,213,,HIGH,сезонная кривая сдвинута примерно на 15 дней раньше исторического сценария,"{""lag_days"": -15, ""shape_corr"": 0.9462704551774243, ""unshifted_corr"": 0.7561743610636148}"
AOI-0029,PHENOLOGY_SHIFT,INFO,2017-01-01,2017-12-31,213,,HIGH,сезонная кривая сдвинута примерно на 10 дней раньше исторического сценария,"{""lag_days"": -10, ""shape_corr"": 0.9585776622828927, ""unshifted_corr"": 0.8805451798988846}"
AOI-0034,PHENOLOGY_SHIFT,INFO,2010-01-01,2010-12-31,213,,MEDIUM,сезонная кривая сдвинута примерно на 15 дней позже исторического сценария,"{""lag_days"": 15, ""shape_corr"": 0.826149854397637, ""unshifted_corr"": 0.5484336298490222}"
AOI-0034,PHENOLOGY_SHIFT,INFO,2024-01-01,2024-12-31,213,,HIGH,сезонная кривая сдвинута примерно на 15 дней раньше исторического сценария,"{""lag_days"": -15, ""shape_corr"": 0.93154262252591, ""unshifted_corr"": 0.8796881571310298}"
AOI-0036,PHENOLOGY_SHIFT,INFO,2010-01-01,2010-12-31,213,,MEDIUM,сезонная кривая сдвинута примерно на 15 дней позже исторического сценария,"{""lag_days"": 15, ""shape_corr"": 0.8394848887229832, ""unshifted_corr"": 0.7137439083692753}"
AOI-0036,PHENOLOGY_SHIFT,INFO,2011-01-01,2011-12-31,213,,HIGH,сезонная кривая сдвинута примерно на 15 дней позже исторического сценария,"{""lag_days"": 15, ""shape_corr"": 0.9280585820609101, ""unshifted_corr"": 0.7979430307057219}"
AOI-0036,PHENOLOGY_SHIFT,INFO,2016-01-01,2016-12-31,213,,MEDIUM,сезонная кривая сдвинута примерно на 15 дней позже исторического сценария,"{""lag_days"": 15, ""shape_corr"": 0.7659512880470263, ""unshifted_corr"": 0.692819049826503}"
AOI-0036,PHENOLOGY_SHIFT,INFO,2021-01-01,2021-12-31,213,,MEDIUM,сезонная кривая сдвинута примерно на 15 дней позже исторического сценария,"{""lag_days"": 15, ""shape_corr"": 0.7688972164668002, ""unshifted_corr"": 0.5899388229993368}"
AOI-0039,PHENOLOGY_SHIFT,INFO,2010-01-01,2010-12-31,36,,HIGH,сезонная кривая сдвинута примерно на 15 дней позже исторического сценария,"{""lag_days"": 15, ""shape_corr"": 0.9424912253068548, ""unshifted_corr"": 0.8354550062302369}"
AOI-0039,PHENOLOGY_SHIFT,INFO,2017-01-01,2017-12-31,60,,MEDIUM,сезонная кривая сдвинута примерно на 15 дней позже исторического сценария,"{""lag_days"": 15, ""shape_corr"": 0.761475575117452, ""unshifted_corr"": 0.664606459131814}"
AOI-0039,PHENOLOGY_SHIFT,INFO,2020-01-01,2020-12-31,91,,MEDIUM,сезонная кривая сдвинута примерно на 15 дней позже исторического сценария,"{""lag_days"": 15, ""shape_corr"": 0.8476712355768816, ""unshifted_corr"": 0.7753321333231226}"
AOI-0039,PHENOLOGY_SHIFT,INFO,2021-01-01,2021-12-31,73,,MEDIUM,сезонная кривая сдвинута примерно на 15 дней позже исторического сценария,"{""lag_days"": 15, ""shape_corr"": 0.7651966891327429, ""unshifted_corr"": 0.6802914950544718}"
AOI-0042,PHENOLOGY_SHIFT,INFO,2016-01-01,2016-12-31,213,,HIGH,сезонная кривая сдвинута примерно на 15 дней раньше исторического сценария,"{""lag_days"": -15, ""shape_corr"": 0.9522754752387795, ""unshifted_corr"": 0.8138229923716758}"
AOI-0042,PHENOLOGY_SHIFT,INFO,2018-01-01,2018-12-31,213,,HIGH,сезонная кривая сдвинута примерно на 10 дней раньше исторического сценария,"{""lag_days"": -10, ""shape_corr"": 0.9413203623101627, ""unshifted_corr"": 0.8825609377711067}"
AOI-0042,PHENOLOGY_SHIFT,INFO,2024-01-01,2024-12-31,213,,HIGH,сезонная кривая сдвинута примерно на 15 дней раньше исторического сценария,"{""lag_days"": -15, ""shape_corr"": 0.9236234610641866, ""unshifted_corr"": 0.857440261304319}"
AOI-0047,PHENOLOGY_SHIFT,INFO,2012-01-01,2012-12-31,213,,MEDIUM,сезонная кривая сдвинута примерно на 15 дней позже исторического сценария,"{""lag_days"": 15, ""shape_corr"": 0.8713761566507435, ""unshifted_corr"": 0.6451191439679389}"
AOI-0047,PHENOLOGY_SHIFT,INFO,2014-01-01,2014-12-31,213,,HIGH,сезонная кривая сдвинута примерно на 15 дней раньше исторического сценария,"{""lag_days"": -15, ""shape_corr"": 0.9386057231025914, ""unshifted_corr"": 0.6755877876603871}"
AOI-0047,PHENOLOGY_SHIFT,INFO,2019-01-01,2019-12-31,213,,HIGH,сезонная кривая сдвинута примерно на 15 дней раньше исторического сценария,"{""lag_days"": -15, ""shape_corr"": 0.9078958568290746, ""unshifted_corr"": 0.648955584780098}"
AOI-0047,PHENOLOGY_SHIFT,INFO,2023-01-01,2023-12-31,213,,MEDIUM,сезонная кривая сдвинута примерно на 15 дней раньше исторического сценария,"{""lag_days"": -15, ""shape_corr"": 0.8730740127813367, ""unshifted_corr"": 0.8042733052731064}"
AOI-0049,PHENOLOGY_SHIFT,INFO,2011-01-01,2011-12-31,213,,MEDIUM,сезонная кривая сдвинута примерно на 15 дней раньше исторического сценария,"{""lag_days"": -15, ""shape_corr"": 0.8258053021608092, ""unshifted_corr"": 0.5844305716093895}"
AOI-0049,PHENOLOGY_SHIFT,INFO,2017-01-01,2017-12-31,213,,MEDIUM,сезонная кривая сдвинута примерно на 15 дней позже исторического сценария,"{""lag_days"": 15, ""shape_corr"": 0.775889062033059, ""unshifted_corr"": 0.533475689185842}"
AOI-0054,PHENOLOGY_SHIFT,INFO,2011-01-01,2011-12-31,213,,HIGH,сезонная кривая сдвинута примерно на 15 дней позже исторического сценария,"{""lag_days"": 15, ""shape_corr"": 0.9006680126891385, ""unshifted_corr"": 0.5154530405095861}"
AOI-0054,PHENOLOGY_SHIFT,INFO,2012-01-01,2012-12-31,213,,MEDIUM,сезонная кривая сдвинута примерно на 15 дней раньше исторического сценария,"{""lag_days"": -15, ""shape_corr"": 0.8354196460644584, ""unshifted_corr"": 0.783347998957671}"
AOI-0057,PHENOLOGY_SHIFT,INFO,2013-01-01,2013-12-31,32,,HIGH,сезонная кривая сдвинута примерно на 15 дней раньше исторического сценария,"{""lag_days"": -15, ""shape_corr"": 0.9538221680885702, ""unshifted_corr"": 0.8169093204754944}"
AOI-0057,PHENOLOGY_SHIFT,INFO,2018-01-01,2018-12-31,57,,HIGH,сезонная кривая сдвинута примерно на 15 дней раньше исторического сценария,"{""lag_days"": -15, ""shape_corr"": 0.9764747501990924, ""unshifted_corr"": 0.8506155185968415}"
AOI-0057,PHENOLOGY_SHIFT,INFO,2019-01-01,2019-12-31,62,,MEDIUM,сезонная кривая сдвинута примерно на 15 дней позже исторического сценария,"{""lag_days"": 15, ""shape_corr"": 0.8471077375061539, ""unshifted_corr"": 0.6118110404840569}"
AOI-0057,PHENOLOGY_SHIFT,INFO,2020-01-01,2020-12-31,73,,MEDIUM,сезонная кривая сдвинута примерно на 15 дней позже исторического сценария,"{""lag_days"": 15, ""shape_corr"": 0.7545865180534216, ""unshifted_corr"": 0.44034394873282806}"
AOI-0057,PHENOLOGY_SHIFT,INFO,2022-01-01,2022-12-31,58,,MEDIUM,сезонная кривая сдвинута примерно на 15 дней раньше исторического сценария,"{""lag_days"": -15, ""shape_corr"": 0.8742144563534224, ""unshifted_corr"": 0.7264450974362411}"
AOI-0057,PHENOLOGY_SHIFT,INFO,2024-01-01,2024-12-31,70,,MEDIUM,сезонная кривая сдвинута примерно на 15 дней позже исторического сценария,"{""lag_days"": 15, ""shape_corr"": 0.877367376195149, ""unshifted_corr"": 0.6976763373571029}"
AOI-0072,PHENOLOGY_SHIFT,INFO,2010-01-01,2010-12-31,213,,MEDIUM,сезонная кривая сдвинута примерно на 15 дней позже исторического сценария,"{""lag_days"": 15, ""shape_corr"": 0.7619180448897236, ""unshifted_corr"": 0.7036352866766531}"
AOI-0072,PHENOLOGY_SHIFT,INFO,2012-01-01,2012-12-31,213,,MEDIUM,сезонная кривая сдвинута примерно на 15 дней раньше исторического сценария,"{""lag_days"": -15, ""shape_corr"": 0.7578490729108417, ""unshifted_corr"": 0.6650783997645667}"
AOI-0078,PHENOLOGY_SHIFT,INFO,2011-01-01,2011-12-31,213,,MEDIUM,сезонная кривая сдвинута примерно на 15 дней позже исторического сценария,"{""lag_days"": 15, ""shape_corr"": 0.7607011454921015, ""unshifted_corr"": 0.4401002755991539}"
AOI-0078,PHENOLOGY_SHIFT,INFO,2012-01-01,2012-12-31,213,,MEDIUM,сезонная кривая сдвинута примерно на 15 дней позже исторического сценария,"{""lag_days"": 15, ""shape_corr"": 0.8347852037049794, ""unshifted_corr"": 0.7824631002890404}"
AOI-0078,PHENOLOGY_SHIFT,INFO,2014-01-01,2014-12-31,213,,MEDIUM,сезонная кривая сдвинута примерно на 15 дней позже исторического сценария,"{""lag_days"": 15, ""shape_corr"": 0.8507353166551171, ""unshifted_corr"": 0.757089162814786}"
AOI-0078,PHENOLOGY_SHIFT,INFO,2015-01-01,2015-12-31,213,,MEDIUM,сезонная кривая сдвинута примерно на 15 дней раньше исторического сценария,"{""lag_days"": -15, ""shape_corr"": 0.8969682220096573, ""unshifted_corr"": 0.7605793548070321}"
AOI-0078,PHENOLOGY_SHIFT,INFO,2018-01-01,2018-12-31,213,,MEDIUM,сезонная кривая сдвинута примерно на 15 дней раньше исторического сценария,"{""lag_days"": -15, ""shape_corr"": 0.8213620605609999, ""unshifted_corr"": 0.70557892955791}"
AOI-0078,PHENOLOGY_SHIFT,INFO,2020-01-01,2020-12-31,213,,MEDIUM,сезонная кривая сдвинута примерно на 15 дней раньше исторического сценария,"{""lag_days"": -15, ""shape_corr"": 0.817833633916527, ""unshifted_corr"": 0.6548233808227812}"
AOI-0078,PHENOLOGY_SHIFT,INFO,2021-01-01,2021-12-31,213,,MEDIUM,сезонная кривая сдвинута примерно на 15 дней позже исторического сценария,"{""lag_days"": 15, ""shape_corr"": 0.8024634323440427, ""unshifted_corr"": 0.4882781506337364}"
AOI-0078,PHENOLOGY_SHIFT,INFO,2023-01-01,2023-12-31,213,,MEDIUM,сезонная кривая сдвинута примерно на 15 дней раньше исторического сценария,"{""lag_days"": -15, ""shape_corr"": 0.8142764907266117, ""unshifted_corr"": 0.5452185456308906}"
AOI-0078,PHENOLOGY_SHIFT,INFO,2024-01-01,2024-12-31,213,,MEDIUM,сезонная кривая сдвинута примерно на 15 дней раньше исторического сценария,"{""lag_days"": -15, ""shape_corr"": 0.7792130530831506, ""unshifted_corr"": 0.6440998147262782}"
